feature,horizon,bin,n,feature_min,feature_max,future_rv_mean,future_lr_mean,p_up
vol_20,3,"(0.00511, 0.0122]",598,0.00611278928439025,0.012219169805127161,0.012581852287199307,0.0015147852948950685,0.5360134003350083
vol_20,3,"(0.0122, 0.0152]",598,0.012220623291722892,0.015206050136271224,0.01336803656023346,-0.0004582516881169685,0.474036850921273
vol_20,3,"(0.0152, 0.0183]",598,0.015207785181143985,0.01834361568197889,0.015144856273979273,-0.005730489965801921,0.4321608040201005
vol_20,3,"(0.0183, 0.0229]",597,0.018354943986638263,0.022873237508660445,0.01764685496212664,-0.002493148015489446,0.4748322147651007
vol_20,3,"(0.0229, 0.0692]",596,0.022879799508584597,0.06918875452419856,0.01817444893808759,-0.0010270659151030577,0.49161073825503354
vol_20,12,"(0.00511, 0.0122]",598,0.00611278928439025,0.012219169805127161,0.014464780584889366,0.007205151904419803,0.5819397993311036
vol_20,12,"(0.0122, 0.0152]",598,0.012220623291722892,0.015206050136271224,0.01583432015341506,-0.0034845227027779455,0.479933110367893
vol_20,12,"(0.0152, 0.0183]",598,0.015207785181143985,0.01834361568197889,0.01826213941582756,-0.023953439148004792,0.38127090301003347
vol_20,12,"(0.0183, 0.0229]",592,0.018354943986638263,0.022873237508660445,0.01952356549383671,-0.0055356854287691715,0.46790540540540543
vol_20,12,"(0.0229, 0.0692]",592,0.022879799508584597,0.06918875452419856,0.020577593117116665,-0.007617977492011954,0.4805414551607445
log_return,3,"(-0.00387, 0.00282]",599,-0.003842898202009337,0.002815523955655763,0.013871136982312444,-0.002293658949868438,0.48580968280467446
log_return,3,"(-0.0123, -0.00387]",597,-0.012239822618577811,-0.003876300463345528,0.01448606951338463,-0.0016850237664956505,0.47394957983193275
log_return,3,"(-0.275, -0.0123]",600,-0.274396183449201,-0.012270092591814219,0.017538761855546463,-0.001959580097508376,0.48327759197324416
log_return,3,"(0.00282, 0.0118]",600,0.0028170312599815617,0.011811479441829587,0.013923247004600224,-0.0013247797590500913,0.5016666666666667
log_return,3,"(0.0118, 0.14]",600,0.011820250283982148,0.1400269512655492,0.01696568081059426,-0.000553457187349915,0.4683333333333333
log_return,12,"(-0.00387, 0.00282]",598,-0.003842898202009337,0.002815523955655763,0.0167884943801517,-0.008583106384603719,0.4765886287625418
log_return,12,"(-0.0123, -0.00387]",596,-0.012239822618577811,-0.003876300463345528,0.017318775194098527,-0.006849369369991948,0.4966442953020134
log_return,12,"(-0.275, -0.0123]",597,-0.274396183449201,-0.012270092591814219,0.019407586709104994,-0.006546489645687499,0.4798657718120805
log_return,12,"(0.00282, 0.0118]",598,0.0028170312599815617,0.011811479441829587,0.016373316922764763,-0.005705735171030883,0.4782608695652174
log_return,12,"(0.0118, 0.14]",598,0.011820250283982148,0.1400269512655492,0.01865390332483455,-0.004337884653864155,0.4682274247491639
rolling_corr_ref_42,3,"(0.289, 0.68]",593,0.2900545897981101,0.6796490903427865,0.01647772092672755,-0.003571050846327396,0.4350758853288364
rolling_corr_ref_42,3,"(0.68, 0.758]",596,0.6797289682506247,0.7578873082729017,0.01582782676273835,-0.0006480296014493549,0.4991596638655462
rolling_corr_ref_42,3,"(0.758, 0.814]",595,0.7578905816086048,0.8135688811927887,0.015156960344255526,-0.003596749709494576,0.453781512605042
rolling_corr_ref_42,3,"(0.814, 0.866]",596,0.8136078967908874,0.8660553177099253,0.015281557905228671,0.0011347848743352368,0.5261382799325464
rolling_corr_ref_42,3,"(0.866, 0.962]",596,0.8660916796585137,0.9618542317102489,0.014211752436223432,-0.0018075153924718042,0.49161073825503354
rolling_corr_ref_42,12,"(0.289, 0.68]",584,0.2900545897981101,0.6796490903427865,0.01815627759025957,-0.01062374562174115,0.4503424657534247
rolling_corr_ref_42,12,"(0.68, 0.758]",596,0.6797289682506247,0.7578873082729017,0.017888166922744513,-0.0012696817879365122,0.5151006711409396
rolling_corr_ref_42,12,"(0.758, 0.814]",595,0.7578905816086048,0.8135688811927887,0.018118787240313235,-0.012636847638188453,0.4319327731092437
rolling_corr_ref_42,12,"(0.814, 0.866]",596,0.8136078967908874,0.8660553177099253,0.017298517933464486,-0.005236528889104941,0.4714765100671141
rolling_corr_ref_42,12,"(0.866, 0.962]",596,0.8660916796585137,0.9618542317102489,0.017241241023594644,-0.004268826209438904,0.5176470588235295
rolling_corr_ref_12,3,"(-0.495, 0.606]",599,-0.4943599203991793,0.6059289214344186,0.016200165639984495,-0.003916232014814661,0.4307178631051753
rolling_corr_ref_12,3,"(0.606, 0.756]",599,0.6059813694744511,0.7557831509805119,0.01516959127365649,-0.0009528973857940531,0.5025041736227045
rolling_corr_ref_12,3,"(0.756, 0.842]",598,0.7558433476793455,0.84236688406674,0.01640361159751358,-0.0029518055448630905,0.4714765100671141
rolling_corr_ref_12,3,"(0.842, 0.906]",599,0.8424122959743252,0.9056519573902292,0.014417032477011925,-0.0009214345948020633,0.479933110367893
rolling_corr_ref_12,3,"(0.906, 0.99]",596,0.9056831241205436,0.990386708039519,0.01464202937680774,0.0007699456735342892,0.5277310924369748
rolling_corr_ref_12,12,"(-0.495, 0.606]",599,-0.4943599203991793,0.6059289214344186,0.018442039241596504,-0.011248475886244405,0.44574290484140233
rolling_corr_ref_12,12,"(0.606, 0.756]",599,0.6059813694744511,0.7557831509805119,0.01829270044263533,-0.014875597965854068,0.4240400667779633
rolling_corr_ref_12,12,"(0.756, 0.842]",597,0.7558433476793455,0.84236688406674,0.018045072403060837,-0.005156587822181432,0.47068676716917923
rolling_corr_ref_12,12,"(0.842, 0.906]",594,0.8424122959743252,0.9056519573902292,0.016783827169453428,-0.004551256706937029,0.47386172006745364
rolling_corr_ref_12,12,"(0.906, 0.99]",593,0.9056831241205436,0.990386708039519,0.01701513007717424,0.003221091014414866,0.581787521079258
rolling_beta_ref_42,3,"(0.837, 1.262]",596,0.8378678602095033,1.2622917089879009,0.014446231807445394,-0.0005806567567465826,0.492436974789916
rolling_beta_ref_42,3,"(1.262, 1.435]",596,1.262351916053875,1.434945440562777,0.01457913238508504,-0.0033283066382493094,0.45302013422818793
rolling_beta_ref_42,3,"(1.435, 1.629]",595,1.4349727763839297,1.6292608254897265,0.015149796201097111,-0.0010933378587717688,0.5151515151515151
rolling_beta_ref_42,3,"(1.629, 1.883]",593,1.6292915772158771,1.8825445968747214,0.0158407973258353,-0.004090021270296946,0.4433164128595601
rolling_beta_ref_42,3,"(1.883, 3.647]",596,1.8825708658709592,3.646845647292575,0.01693664264405659,0.0006053499368762004,0.5016778523489933
rolling_beta_ref_42,12,"(0.837, 1.262]",596,0.8378678602095033,1.2622917089879009,0.01661180581427473,-0.0003268032870435605,0.5100671140939598
rolling_beta_ref_42,12,"(1.262, 1.435]",596,1.262351916053875,1.434945440562777,0.017045765426275953,-0.011483623558823475,0.4463087248322148
rolling_beta_ref_42,12,"(1.435, 1.629]",595,1.4349727763839297,1.6292608254897265,0.018007490032325577,-0.013021048425162184,0.4823529411764706
rolling_beta_ref_42,12,"(1.629, 1.883]",584,1.6292915772158771,1.8825445968747214,0.018201857485109545,-0.00992764529524858,0.45454545454545453
rolling_beta_ref_42,12,"(1.883, 3.647]",596,1.8825708658709592,3.646845647292575,0.018836802928112475,0.0007368612304902171,0.49328859060402686
price_ratio,3,"(-0.000923, 9.8e-05]",597,7.704306612404884e-05,9.793961548756124e-05,0.013636648462322225,2.7546079650083302e-05,0.4857142857142857
price_ratio,3,"(0.000139, 0.000193]",599,0.00013858263459294335,0.00019274444402803283,0.015286241482488383,-0.00011478111632868494,0.5250836120401338
price_ratio,3,"(0.000193, 0.000226]",600,0.00019278021635364947,0.00022564737383862918,0.015311362401347506,0.0003921227312839541,0.49333333333333335
price_ratio,3,"(0.000226, 0.000386]",600,0.0002257750120837702,0.0003860171761611767,0.018678683106063694,-0.005614317449237167,0.445
price_ratio,3,"(9.8e-05, 0.000139]",600,9.797219532902812e-05,0.00013857765172546241,0.013870072116461192,-0.0024948756933540275,0.46410684474123537
price_ratio,12,"(-0.000923, 9.8e-05]",588,7.704306612404884e-05,9.793961548756124e-05,0.015561117737444298,7.255648244127049e-05,0.5178875638841567
price_ratio,12,"(0.000139, 0.000193]",599,0.00013858263459294335,0.00019274444402803283,0.01825908073786241,0.00467925895978865,0.5626043405676127
price_ratio,12,"(0.000193, 0.000226]",600,0.00019278021635364947,0.00022564737383862918,0.01724175101854465,-0.0028868365896434415,0.495
price_ratio,12,"(0.000226, 0.000386]",600,0.0002257750120837702,0.0003860171761611767,0.02145061870982303,-0.020402288973349465,0.4066666666666667
price_ratio,12,"(9.8e-05, 0.000139]",600,9.797219532902812e-05,0.00013857765172546241,0.015985946999660113,-0.013335541211773367,0.41833333333333333
price_ratio_z_12,3,"(-0.641, 0.108]",597,-0.6405340681195582,0.10799018769238031,0.014630935130670632,-0.0025034472825290017,0.4664429530201342
price_ratio_z_12,3,"(-1.276, -0.641]",598,-1.2759278448134823,-0.641865845012027,0.014999952773863923,-0.0010711970279337036,0.4991624790619765
price_ratio_z_12,3,"(-3.122, -1.276]",599,-3.1207829286093323,-1.2759430640187905,0.016477196491402196,0.00023488344354062108,0.5475792988313857
price_ratio_z_12,3,"(0.108, 1.012]",599,0.10875691579878081,1.011893764418602,0.01487381742790594,-0.0034126505951038136,0.4397993311036789
price_ratio_z_12,3,"(1.012, 3.004]",599,1.012951648493246,3.004372084231621,0.015834077095654334,-0.0011296684133334232,0.459866220735786
price_ratio_z_12,12,"(-0.641, 0.108]",595,-0.6405340681195582,0.10799018769238031,0.017566691433691387,-0.005205962147999015,0.4857142857142857
price_ratio_z_12,12,"(-1.276, -0.641]",595,-1.2759278448134823,-0.641865845012027,0.017025537665977218,-0.0028690035484085926,0.5218855218855218
price_ratio_z_12,12,"(-3.122, -1.276]",598,-3.1207829286093323,-1.2759430640187905,0.017934035051015505,0.0007472871335345911,0.5535117056856187
price_ratio_z_12,12,"(0.108, 1.012]",597,0.10875691579878081,1.011893764418602,0.01796622422216284,-0.013393895902537074,0.4103852596314908
price_ratio_z_12,12,"(1.012, 3.004]",598,1.012951648493246,3.004372084231621,0.01808835749373057,-0.011813757806512153,0.42474916387959866
price_ratio_z_42,3,"(-0.303, 0.733]",595,-0.3027235590206486,0.7321445315783596,0.015224855903475252,-0.004598292309495323,0.43025210084033616
price_ratio_z_42,3,"(-0.905, -0.303]",594,-0.9044936863348733,-0.30364866620430897,0.013556747657426826,-0.004923875672749518,0.42567567567567566
price_ratio_z_42,3,"(-1.483, -0.905]",596,-1.482499800025155,-0.9050966901414219,0.014111983479490161,0.0006011559096854259,0.5369127516778524
price_ratio_z_42,3,"(-5.965000000000001, -1.483]",596,-5.963815190730855,-1.482735661457906,0.017334638203193115,0.002003831506925523,0.5654362416107382
price_ratio_z_42,3,"(0.733, 4.245]",596,0.7348594522315441,4.245387938891467,0.016699871594287256,-0.0015952617465558499,0.44612794612794615
price_ratio_z_42,12,"(-0.303, 0.733]",587,-0.3027235590206486,0.7321445315783596,0.017789725275370854,-0.01395524381112499,0.3833049403747871
price_ratio_z_42,12,"(-0.905, -0.303]",593,-0.9044936863348733,-0.30364866620430897,0.017213979515183848,-0.015248896015192902,0.4451939291736931
price_ratio_z_42,12,"(-1.483, -0.905]",596,-1.482499800025155,-0.9050966901414219,0.01714225818829188,-0.004282880761970358,0.5302013422818792
price_ratio_z_42,12,"(-5.965000000000001, -1.483]",596,-5.963815190730855,-1.482735661457906,0.018386115839394274,0.00905233159417809,0.611764705882353
price_ratio_z_42,12,"(0.733, 4.245]",596,0.7348594522315441,4.245387938891467,0.018144184353494953,-0.009702022776467955,0.41442953020134227
