,portfolio_log_return,equity,drawdown,n_active
2025-11-18 16:00:00+00:00,0.0,1.0,0.0,3
2025-11-18 20:00:00+00:00,0.0,1.0,0.0,3
2025-11-19 00:00:00+00:00,0.0,1.0,0.0,3
2025-11-19 04:00:00+00:00,0.0,1.0,0.0,3
2025-11-19 08:00:00+00:00,0.0,1.0,0.0,3
2025-11-19 12:00:00+00:00,0.0,1.0,0.0,3
2025-11-19 16:00:00+00:00,0.0,1.0,0.0,3
2025-11-19 20:00:00+00:00,0.0,1.0,0.0,3
2025-11-20 00:00:00+00:00,0.0,1.0,0.0,3
2025-11-20 04:00:00+00:00,0.0,1.0,0.0,3
2025-11-20 08:00:00+00:00,0.0,1.0,0.0,3
2025-11-20 12:00:00+00:00,0.0,1.0,0.0,3
2025-11-20 16:00:00+00:00,0.0,1.0,0.0,3
2025-11-20 20:00:00+00:00,0.0,1.0,0.0,3
2025-11-21 00:00:00+00:00,0.0,1.0,0.0,3
2025-11-21 04:00:00+00:00,0.0,1.0,0.0,3
2025-11-21 08:00:00+00:00,0.0,1.0,0.0,3
2025-11-21 12:00:00+00:00,0.0,1.0,0.0,3
2025-11-21 16:00:00+00:00,0.0,1.0,0.0,3
2025-11-21 20:00:00+00:00,0.0,1.0,0.0,3
2025-11-22 00:00:00+00:00,0.0,1.0,0.0,3
2025-11-22 04:00:00+00:00,0.0,1.0,0.0,3
2025-11-22 08:00:00+00:00,0.0,1.0,0.0,3
2025-11-22 12:00:00+00:00,0.0,1.0,0.0,3
2025-11-22 16:00:00+00:00,0.0,1.0,0.0,3
2025-11-22 20:00:00+00:00,0.0,1.0,0.0,3
2025-11-23 00:00:00+00:00,0.0,1.0,0.0,3
2025-11-23 04:00:00+00:00,0.0,1.0,0.0,3
2025-11-23 08:00:00+00:00,0.0,1.0,0.0,3
2025-11-23 12:00:00+00:00,0.0,1.0,0.0,3
2025-11-23 16:00:00+00:00,0.0,1.0,0.0,3
2025-11-23 20:00:00+00:00,0.0,1.0,0.0,3
2025-11-24 00:00:00+00:00,0.0,1.0,0.0,3
2025-11-24 04:00:00+00:00,0.0,1.0,0.0,3
2025-11-24 08:00:00+00:00,0.0,1.0,0.0,3
2025-11-24 12:00:00+00:00,0.0,1.0,0.0,3
2025-11-24 16:00:00+00:00,0.0,1.0,0.0,3
2025-11-24 20:00:00+00:00,0.0,1.0,0.0,3
2025-11-25 00:00:00+00:00,0.0,1.0,0.0,3
2025-11-25 04:00:00+00:00,0.0,1.0,0.0,3
2025-11-25 08:00:00+00:00,0.0,1.0,0.0,3
2025-11-25 12:00:00+00:00,0.0,1.0,0.0,3
2025-11-25 16:00:00+00:00,0.0,1.0,0.0,3
2025-11-25 20:00:00+00:00,0.0,1.0,0.0,3
2025-11-26 00:00:00+00:00,0.0,1.0,0.0,3
2025-11-26 04:00:00+00:00,0.0,1.0,0.0,3
2025-11-26 08:00:00+00:00,0.0,1.0,0.0,3
2025-11-26 12:00:00+00:00,0.0,1.0,0.0,3
2025-11-26 16:00:00+00:00,0.0,1.0,0.0,3
2025-11-26 20:00:00+00:00,-9.418246532280889e-05,0.9999058219697063,-9.417803029365679e-05,3
2025-11-27 00:00:00+00:00,0.0032351738283055297,1.0031459294451581,0.0,3
2025-11-27 04:00:00+00:00,-0.00037185878647637646,1.002772970165566,-0.00037178965556716737,3
2025-11-27 08:00:00+00:00,-9.418246532280889e-05,1.0026785309824042,-0.0004659326714433476,3
2025-11-27 12:00:00+00:00,0.0,1.0026785309824042,-0.0004659326714433476,3
2025-11-27 16:00:00+00:00,0.0,1.0026785309824042,-0.0004659326714433476,3
2025-11-27 20:00:00+00:00,-0.0025059807306797833,1.0001689836566336,-0.002967609897167267,3
2025-11-28 00:00:00+00:00,-0.0014696306358516415,0.9987001842378962,-0.004431803067496798,3
2025-11-28 04:00:00+00:00,-0.0014389742090460745,0.9972641139120885,-0.005863369785413908,3
2025-11-28 08:00:00+00:00,0.0014069291621645532,0.9986681813564414,-0.004463705585879607,3
2025-11-28 12:00:00+00:00,0.0022355308844288387,1.0009032322509879,-0.0022356639531107003,3
2025-11-28 16:00:00+00:00,-0.00314913401773347,0.9977562116294554,-0.005372815317791102,3
2025-11-28 20:00:00+00:00,-0.00023150502053867353,0.9975252527922862,-0.0056030498533555795,3
2025-11-29 00:00:00+00:00,-0.0027691884754578095,0.994766738543992,-0.008352913225497138,3
2025-11-29 04:00:00+00:00,-0.002983534925497914,0.9918032402853936,-0.01130711776504767,4
2025-11-29 08:00:00+00:00,0.0017896994738473785,0.9935798593555872,-0.009536070285269371,4
2025-11-29 12:00:00+00:00,-0.002528955457842522,0.99107031474824,-0.012037744801094985,4
2025-11-29 16:00:00+00:00,-0.0005636038657031976,0.9905119010645014,-0.012594407264000629,4
2025-11-29 20:00:00+00:00,0.004372831350265079,0.9948527264900623,-0.008267194943095468,4
2025-11-30 00:00:00+00:00,-0.00026172556035609234,0.9945923821736171,-0.008526722803203657,4
2025-11-30 04:00:00+00:00,-0.001677233274640413,0.9929256169033508,-0.010188260991559006,4
2025-11-30 08:00:00+00:00,-0.0004260270003297574,0.992502693875942,-0.01060985770545153,4
2025-11-30 12:00:00+00:00,-0.00011710597134832442,0.9923864726891402,-0.010725714415218746,4
2025-11-30 16:00:00+00:00,0.003236937887980977,0.9956039706733232,-0.00751830670938014,4
2025-11-30 20:00:00+00:00,-0.00523551985730678,0.990405087617985,-0.01270088573675432,4
2025-12-01 00:00:00+00:00,-0.0054286179878865115,0.9850431239383235,-0.01804603395724025,4
2025-12-01 04:00:00+00:00,-0.0064144742565589805,0.9787448119538371,-0.02432459403470566,5
2025-12-01 08:00:00+00:00,0.0017594551814852032,0.9804683854150733,-0.022606425809481023,5
2025-12-01 12:00:00+00:00,-0.0013372282080332143,0.979158151669018,-0.023912550579164304,5
2025-12-01 16:00:00+00:00,0.000697725467139836,0.9798415736405269,-0.02323127186243068,5
2025-12-01 20:00:00+00:00,0.0036485533596455726,0.9834231076418133,-0.01966096977959486,5
2025-12-02 00:00:00+00:00,-0.0012912028402095584,0.9821541283632268,-0.020925969458443494,5
2025-12-02 04:00:00+00:00,0.00015165643689437507,0.9823030896539993,-0.02077747531975438,5
2025-12-02 08:00:00+00:00,0.003065271678050475,0.9853187350189188,-0.017771287210525455,5
2025-12-02 12:00:00+00:00,0.015416050735882078,1.0006261453811762,-0.002511881860873033,5
2025-12-02 16:00:00+00:00,-0.0026252009143791456,0.9980027456916376,-0.005127054402110032,5
2025-12-02 20:00:00+00:00,-0.004549880129985871,0.9934722672119556,-0.009643325013094617,5
2025-12-03 00:00:00+00:00,0.0011598227400433545,0.9946251874013557,-0.00849402045474601,5
2025-12-03 04:00:00+00:00,-0.0014425575484262579,0.9931914177256854,-0.009923293737510885,5
2025-12-03 08:00:00+00:00,-0.0020481247678162413,0.9911593194895792,-0.011949019184286258,5
2025-12-03 12:00:00+00:00,-0.0007439584646890011,0.9904222123465363,-0.012683814712441066,5
2025-12-03 16:00:00+00:00,0.0021641934046648303,0.9925679986771183,-0.010544757704285868,5
2025-12-03 20:00:00+00:00,0.0004034769925236496,0.992968557830867,-0.010145454729522996,5
2025-12-04 00:00:00+00:00,0.0029826890037621297,0.9959346955635866,-0.007188618993410167,5
2025-12-04 04:00:00+00:00,0.00206061949676575,0.9979890539132782,-0.005140703242181521,5
2025-12-04 08:00:00+00:00,0.0006869384049559908,0.9986748464437826,-0.004457061400676254,5
2025-12-04 12:00:00+00:00,-0.0036255109221528534,0.9950606954111413,-0.008059878225781913,5
2025-12-04 16:00:00+00:00,-0.01554589877352413,0.9797112025291571,-0.023361234121702323,5
2025-12-04 20:00:00+00:00,-0.0010689941855596447,0.9786644565324986,-0.02440469745633156,5
2025-12-05 00:00:00+00:00,-0.0052897287757638824,0.9735012550022049,-0.029551706858193416,5
2025-12-05 04:00:00+00:00,-0.0012749147153475232,0.9722609147588124,-0.030788157315684184,5
2025-12-05 08:00:00+00:00,-0.010664324791184537,0.9619474991323642,-0.04106922941468827,5
2025-12-05 12:00:00+00:00,-0.0028666291994774162,0.9591939010010457,-0.04381419208710968,5
2025-12-05 16:00:00+00:00,-0.008811048446698612,0.9507795212604815,-0.05220218379756636,5
2025-12-05 20:00:00+00:00,-0.004156406033894523,0.9468358968509647,-0.056133440750079755,5
2025-12-06 00:00:00+00:00,0.0015250574652259086,0.9482809776393424,-0.05469289182697645,5
2025-12-06 04:00:00+00:00,-0.013519561606322556,0.93554690802037,-0.06738702659360563,5
2025-12-06 08:00:00+00:00,-0.0013004828852745311,0.9343310360598183,-0.06859908550234706,5
2025-12-06 12:00:00+00:00,-0.0020615670982259303,0.932406834054296,-0.07051725308798096,5
2025-12-06 16:00:00+00:00,-0.0008134925107858073,0.9316486365136106,-0.0712730728729496,5
2025-12-06 20:00:00+00:00,0.001399690934277712,0.9329535697026031,-0.06997223203744496,5
2025-12-07 00:00:00+00:00,0.00053899877658117,0.9334565660803185,-0.06947081308836589,5
2025-12-07 04:00:00+00:00,-0.0028041249363139225,0.930842703757425,-0.0720764781727462,5
2025-12-07 08:00:00+00:00,-0.0035268960950368728,0.9275655008346371,-0.0753434035787044,5
2025-12-07 12:00:00+00:00,0.0007094294003571154,0.9282237765441483,-0.07468719226369125,5
2025-12-07 16:00:00+00:00,0.008921563321680087,0.936542034502077,-0.06639502089184557,5
2025-12-07 20:00:00+00:00,-0.02259125165031763,0.9156215771257469,-0.08724987038308685,5
2025-12-08 00:00:00+00:00,0.005307772412855561,0.9204944085736355,-0.08239232044458111,5
2025-12-08 04:00:00+00:00,0.005095971395566297,0.9251971942028425,-0.0777042830502529,5
2025-12-08 08:00:00+00:00,-0.001702933600696756,0.9236229855803744,-0.07927355485434506,5
2025-12-08 12:00:00+00:00,-0.00546916374876184,0.9185853286724739,-0.08429541334973556,5
2025-12-08 16:00:00+00:00,0.0002645121064355461,0.9188283377507065,-0.08405316636343019,5
2025-12-08 20:00:00+00:00,0.00011039675583345563,0.9189297790176524,-0.08395204322275007,5
2025-12-09 00:00:00+00:00,-0.0016430665037616694,0.9174211560018098,-0.08545593510085103,5
2025-12-09 04:00:00+00:00,-0.0009172952204589299,0.9165799958153523,-0.08629445735545738,5
2025-12-09 08:00:00+00:00,0.00010634093045470765,0.9166774709676508,-0.08619728789143688,5
2025-12-09 12:00:00+00:00,0.022351293400311088,0.9373970906382398,-0.06554264626611617,5
2025-12-09 16:00:00+00:00,0.002527078429636279,0.9397689622965927,-0.0631782129481594,5
2025-12-09 20:00:00+00:00,-0.007928162440905434,0.9323477783544548,-0.07057612358539089,5
2025-12-10 00:00:00+00:00,-0.0023848803413178926,0.9301268897959547,-0.07279004729610017,5
2025-12-10 04:00:00+00:00,-0.00048702171931952704,0.9296740080894662,-0.07324150873674917,5
2025-12-10 08:00:00+00:00,-0.0010199828003718042,0.9287262400269922,-0.07418630453829145,5
2025-12-10 12:00:00+00:00,0.004571492699087356,0.9329816245714718,-0.06994426515042962,5
2025-12-10 16:00:00+00:00,0.007106663246233578,0.9396356266634583,-0.06331113043226666,5
2025-12-10 20:00:00+00:00,-0.007524876926135118,0.9325915204721006,-0.07033314585853057,5
2025-12-11 00:00:00+00:00,-0.016057055260186838,0.9177364305638799,-0.08514164925986234,5
2025-12-11 04:00:00+00:00,0.002165021218880091,0.9197255018231805,-0.08315881585455631,5
2025-12-11 08:00:00+00:00,-0.001111370009113382,0.9187039142698723,-0.0841771996443138,5
2025-12-11 12:00:00+00:00,0.0006485000138227501,0.9192998869942488,-0.08358309592831092,5
2025-12-11 16:00:00+00:00,0.0021327372721015644,0.9212626043637617,-0.08162653376531792,5
2025-12-11 20:00:00+00:00,0.0027794501513072186,0.9238267696829419,-0.079070409831686,5
2025-12-12 00:00:00+00:00,-0.001326187302530262,0.9226024143929175,-0.08029092546563932,5
2025-12-12 04:00:00+00:00,-0.002293307120995818,0.9204890279544634,-0.08239768418978921,5
2025-12-12 08:00:00+00:00,0.0024029711112335136,0.9227035962029818,-0.0801900609681675,5
2025-12-12 12:00:00+00:00,-0.011462716520240498,0.9121872942892216,-0.09067338309018103,5
2025-12-12 16:00:00+00:00,0.00211291739532685,0.9141167083195457,-0.08875001982498665,5
2025-12-12 20:00:00+00:00,0.0047156724562732516,0.9184375631637703,-0.08444271545640436,5
2025-12-13 00:00:00+00:00,0.0006072614894957171,0.9189954643051805,-0.08388656392846194,5
2025-12-13 04:00:00+00:00,0.00163932084029958,0.9205032282387157,-0.0823835284385317,5
2025-12-13 08:00:00+00:00,-0.0008962144297450626,0.9196786295267666,-0.08320554115646706,5
2025-12-13 12:00:00+00:00,0.005888175680774179,0.9251098331157983,-0.07779137016737114,5
2025-12-13 16:00:00+00:00,0.00026368854931934255,0.9253538061506879,-0.0775481622474381,5
2025-12-13 20:00:00+00:00,0.0009286298023263509,0.9262135163872679,-0.07669114811684641,5
2025-12-14 00:00:00+00:00,0.0036565820554933046,0.9296064916766171,-0.07330881341383277,5
2025-12-14 04:00:00+00:00,-0.003721580175086959,0.926153316206831,-0.07675115950568823,5
2025-12-14 08:00:00+00:00,-0.0006816243974625119,0.9255222426127264,-0.07738025401285886,5
2025-12-14 12:00:00+00:00,-0.002777790088414683,0.9229549035159618,-0.07993954177090679,5
2025-12-14 16:00:00+00:00,-0.0014880764773209099,0.9215824974102846,-0.08130764392373735,5
2025-12-14 20:00:00+00:00,-0.0021222186507619603,0.9196287716959073,-0.0832552426299974,5
2025-12-15 00:00:00+00:00,0.003710356571777009,0.9230472603366735,-0.07984747458705965,5
2025-12-15 04:00:00+00:00,-0.0017648757010456427,0.9214196333581167,-0.08146999722387782,5
2025-12-15 08:00:00+00:00,-0.0015613214827949712,0.9199821235893486,-0.08290299887057062,5
2025-12-15 12:00:00+00:00,-0.006826488832500397,0.9137232632224828,-0.08914223105319796,5
2025-12-15 16:00:00+00:00,-0.006356033458798317,0.9079340253741073,-0.0949133134834258,5
2025-12-15 20:00:00+00:00,0.0007312032757166783,0.9085981524839645,-0.09425126911843051,5
2025-12-16 00:00:00+00:00,-0.006363349416258005,0.902834781579807,-0.09999656572482274,5
2025-12-16 04:00:00+00:00,-0.0007772525831566826,0.9021333235540054,-0.10069582393363541,5
2025-12-16 08:00:00+00:00,0.005442645717435737,0.9070567015716305,-0.0957878859426512,5
2025-12-16 12:00:00+00:00,-0.003000929086086423,0.9043387689344191,-0.09849729497022375,5
2025-12-16 16:00:00+00:00,-0.00291467839253652,0.9017067498729432,-0.1011210598524993,5
2025-12-16 20:00:00+00:00,0.0024465354625267076,0.9039155082143956,-0.0989192283177055,5
2025-12-17 00:00:00+00:00,5.067551441822907e-06,0.9039200888643388,-0.09891466203297195,5
2025-12-17 04:00:00+00:00,0.0024970530864054214,0.9061800457539771,-0.096661792511896,5
2025-12-17 08:00:00+00:00,0.005110408332105002,0.9108228490160342,-0.09203354937619901,5
2025-12-17 12:00:00+00:00,-0.0003550123404189462,0.9104995530551213,-0.09235583146041348,5
2025-12-17 16:00:00+00:00,-0.014472387661405652,0.8974173442943576,-0.1053970135823401,5
2025-12-17 20:00:00+00:00,0.0012709574951637833,0.8985586487154504,-0.1042592883645106,5
2025-12-18 00:00:00+00:00,0.0049301024207887454,0.9029995729954196,-0.0998322911055719,5
2025-12-18 04:00:00+00:00,-0.0012038487917819612,0.9019131521249237,-0.10091530489111034,5
2025-12-18 08:00:00+00:00,0.0009570077810050647,0.9027767031759276,-0.1000544619911331,5
2025-12-18 12:00:00+00:00,0.0073900131741318036,0.9094729470963488,-0.09337921791759651,5
2025-12-18 16:00:00+00:00,-0.022707604792313443,0.8890537082465467,-0.11373442073549156,5
2025-12-18 20:00:00+00:00,0.005665110003055209,0.8941045886907018,-0.10869938017369751,5
2025-12-19 00:00:00+00:00,0.019105708582033462,0.911351321302409,-0.09150673441253043,5
2025-12-19 04:00:00+00:00,0.008416872502323447,0.919054421709316,-0.08382779141849617,5
2025-12-19 08:00:00+00:00,0.00460059864839378,0.9232923632989606,-0.07960314028325344,5
2025-12-19 12:00:00+00:00,0.006717828123578634,0.9295157631639897,-0.07339925739607345,5
2025-12-19 16:00:00+00:00,0.005092855315650845,0.9342617274560658,-0.06866817674990944,5
2025-12-19 20:00:00+00:00,0.0012202793126585409,0.9354024835936903,-0.06753099809609642,5
2025-12-20 00:00:00+00:00,0.00122049449452063,0.936544834149555,-0.0663922300242401,5
2025-12-20 04:00:00+00:00,-0.0025224535460049943,0.9341854203185882,-0.06874424458335004,5
2025-12-20 08:00:00+00:00,0.0011732731207142167,0.9352821181992769,-0.0676509860169765,5
2025-12-20 12:00:00+00:00,0.004384655397395588,0.9393920116356871,-0.06355398146781444,5
2025-12-20 16:00:00+00:00,-0.006685148371941182,0.9331329812421941,-0.06979338314385453,5
2025-12-20 20:00:00+00:00,-0.00044490553027792167,0.9327179175572656,-0.0702071451626648,5
2025-12-21 00:00:00+00:00,-0.0016082718226426225,0.9312190592208699,-0.0717013029839747,5
2025-12-21 04:00:00+00:00,0.0032541641254237837,0.934254334840288,-0.06867554618197391,5
2025-12-21 08:00:00+00:00,-0.00188624501020242,0.9324937632196505,-0.07043059653801864,5
2025-12-21 12:00:00+00:00,-0.006315883108465184,0.9266228012826752,-0.07628314676490588,5
2025-12-21 16:00:00+00:00,0.004155884530568228,0.9304817517704018,-0.07243629819137776,5
2025-12-21 20:00:00+00:00,0.004464799799159807,0.9346454546419467,-0.06828565295689248,5
2025-12-22 00:00:00+00:00,0.005467806625914208,0.9397699122562534,-0.06317726596763262,5
2025-12-22 04:00:00+00:00,0.004416108722771837,0.9439292155714276,-0.059031006492229254,5
2025-12-22 08:00:00+00:00,-0.005461107964238163,0.9387883663574751,-0.06415573367603589,5
2025-12-22 12:00:00+00:00,0.0034618523457160388,0.9420439449805755,-0.06091036475458578,5
2025-12-22 16:00:00+00:00,-0.022414111654756617,0.9211637465276098,-0.08172508157700731,5
2025-12-22 20:00:00+00:00,0.005202873038137391,0.9259689340989044,-0.07693496337959571,5
2025-12-23 00:00:00+00:00,-0.0047336573194117545,0.9215960724561295,-0.08129411145009979,5
2025-12-23 04:00:00+00:00,-0.007240209902958624,0.9149476205823357,-0.08792171335590737,5
2025-12-23 08:00:00+00:00,0.002326343642242877,0.9170785808743855,-0.0857974358908844,5
2025-12-23 12:00:00+00:00,-0.009000698022054715,0.9088612697488173,-0.09398897700605713,5
2025-12-23 16:00:00+00:00,0.0045645070654050796,0.9130192557951967,-0.08984403066840996,5
2025-12-23 20:00:00+00:00,0.004509651054160074,0.9171459520308769,-0.08573027601462524,5
2025-12-24 00:00:00+00:00,-0.004139506724644755,0.9133572672481197,-0.0895070792409044,5
2025-12-24 04:00:00+00:00,-0.005055045786921097,0.9087518545354542,-0.09409804908635133,5
2025-12-24 08:00:00+00:00,0.0008389343845924261,0.9095145575974648,-0.09333773790965882,5
2025-12-24 12:00:00+00:00,0.002639970580126012,0.9119188214682962,-0.09094101396326237,5
2025-12-24 16:00:00+00:00,0.0016007276729478371,0.9133797241029972,-0.08948469281215232,5
2025-12-24 20:00:00+00:00,0.0049672207204498366,0.9179279695119443,-0.08495071099012286,5
2025-12-25 00:00:00+00:00,-0.00400986315215642,0.9142545737997629,-0.08861258669968497,5
2025-12-25 04:00:00+00:00,0.002119742014785846,0.9161946130970283,-0.0866786314890623,5
2025-12-25 08:00:00+00:00,-0.004223853532643173,0.912332902634975,-0.09052823138146204,5
2025-12-25 12:00:00+00:00,0.010477828476306666,0.9219424258552193,-0.08094884423730109,5
2025-12-25 16:00:00+00:00,0.0021054836279957934,0.9238856054874104,-0.07901175854004294,5
2025-12-25 20:00:00+00:00,-0.013313326914371475,0.9116671291461588,-0.09119191696226736,5
2025-12-26 00:00:00+00:00,0.006484643385352187,0.9175981749396009,-0.08527947130570901,5
2025-12-26 04:00:00+00:00,-0.0007400933364256933,0.9169193178845895,-0.08595619942181365,5
2025-12-26 08:00:00+00:00,0.00090074843872583,0.9177456036105333,-0.08513250498046676,5
2025-12-26 12:00:00+00:00,-0.0038153037705194793,0.9142507964635012,-0.08861635218997999,5
2025-12-26 16:00:00+00:00,0.0006979519028893482,0.9148891222810578,-0.08798002820279138,5
2025-12-26 20:00:00+00:00,0.0010820915186137928,0.9158796518659288,-0.08699260498170636,5
2025-12-27 00:00:00+00:00,0.0012726473752225007,0.9170459857093286,-0.08582992883543028,5
2025-12-27 04:00:00+00:00,6.533227937202007e-05,0.9171059003710234,-0.0857702020699258,5
2025-12-27 08:00:00+00:00,-0.0011489371457563003,0.9160528084195704,-0.08681999145803154,5
2025-12-27 12:00:00+00:00,-0.00024019397168986982,0.9158328044801062,-0.08703930545114702,5
2025-12-27 16:00:00+00:00,0.00016966215052384063,0.915988199825216,-0.08688439743572429,5
2025-12-27 20:00:00+00:00,0.004378255617635789,0.9200074224784567,-0.08287777932038809,5
2025-12-28 00:00:00+00:00,0.003435641072045194,0.9231736737026478,-0.07972145766144223,5
2025-12-28 04:00:00+00:00,-0.003498229819623238,0.9199498421680798,-0.08293517905524894,5
2025-12-28 08:00:00+00:00,-0.0005591478309660317,0.9194355979918899,-0.08344781052899108,5
2025-12-28 12:00:00+00:00,-0.0011844480079200703,0.9183472190208318,-0.08453277627436384,5
2025-12-28 16:00:00+00:00,-0.0036613518806562486,0.9149909746485396,-0.08787849525081282,5
2025-12-28 20:00:00+00:00,0.01070215607753206,0.9248359380694822,-0.07806440626139943,5
2025-12-29 00:00:00+00:00,0.01647506945022208,0.9401988796513056,-0.06274964384161807,5
2025-12-29 04:00:00+00:00,0.004217745469597896,0.9441727737623277,-0.05878821211530871,5
2025-12-29 08:00:00+00:00,-0.006147978508450951,0.938385827080619,-0.06455701056411411,5
2025-12-29 12:00:00+00:00,-0.00535615464081549,0.9333731238686723,-0.06955399361992853,5
2025-12-29 16:00:00+00:00,-0.0019177938842942508,0.9315848219453029,-0.07133668731471188,5
2025-12-29 20:00:00+00:00,0.0008005684473841495,0.9323309179704341,-0.07059293109417486,5
2025-12-30 00:00:00+00:00,0.0001232490640337879,0.9324458339649426,-0.07047837548353497,5
2025-12-30 04:00:00+00:00,0.00010767108531541036,0.9325462368250289,-0.07037828749320452,5
2025-12-30 08:00:00+00:00,0.00327325326837356,0.9356036980352251,-0.06733041467584955,5
2025-12-30 12:00:00+00:00,0.003909257785280579,0.9392683724872203,-0.06367723287604687,5
2025-12-30 16:00:00+00:00,-0.002547546095573353,0.9368785883472954,-0.06605952250089409,5
2025-12-30 20:00:00+00:00,-0.00171910051132013,0.9352693834757893,-0.06766368080356122,5
2025-12-31 00:00:00+00:00,0.0005008144388480565,0.935737897196672,-0.06719663637150941,5
2025-12-31 04:00:00+00:00,0.0007903455818314934,0.9364777458390146,-0.06645910794157128,5
2025-12-31 08:00:00+00:00,0.0018910862809932924,0.9382503816319648,-0.06469203124722556,5
2025-12-31 12:00:00+00:00,-0.000586782822747092,0.9376999939194073,-0.06524069290890622,5
2025-12-31 16:00:00+00:00,-0.0039111351592494145,0.9340396851514898,-0.06888952271569415,5
2025-12-31 20:00:00+00:00,-0.0018938496114397048,0.9322724284441241,-0.07065123719360988,5
2026-01-01 00:00:00+00:00,0.0032383178436620873,0.9352963163969156,-0.06763683234578877,5
2026-01-01 04:00:00+00:00,-0.00010194814320048482,0.935200969534417,-0.06773188019446141,5
2026-01-01 08:00:00+00:00,0.0025178936073135243,0.9375586730548605,-0.06538157058223226,5
2026-01-01 12:00:00+00:00,-0.0013796347951890635,0.936266076347706,-0.06667011362389075,5
2026-01-01 16:00:00+00:00,0.004464528273906276,0.9404554074525617,-0.0624939205278644,5
2026-01-01 20:00:00+00:00,0.0004035583043715061,0.94083501263339,-0.06211550581303005,5
2026-01-02 00:00:00+00:00,0.004592572059568228,0.945165802345006,-0.05779829773343248,5
2026-01-02 04:00:00+00:00,-0.0017853274355512467,0.9434798773188453,-0.059478935591468995,5
2026-01-02 08:00:00+00:00,0.004686414806466544,0.9479117921698865,-0.055060919507316064,5
2026-01-02 12:00:00+00:00,0.0067456912236905815,0.9543277280589716,-0.04866510440129879,5
2026-01-02 16:00:00+00:00,0.011791313501512706,0.9656471095224916,-0.037381221238077744,5
2026-01-02 20:00:00+00:00,0.0008902081601607541,0.9665071191962444,-0.03652390860936716,5
2026-01-03 00:00:00+00:00,0.0013850551973655842,0.9678467123960861,-0.03518851645901222,5
2026-01-03 04:00:00+00:00,-0.00831839183651868,0.9598291769369353,-0.04318090841696531,5
2026-01-03 08:00:00+00:00,0.001759711545361205,0.9615196863894325,-0.041495700509644795,5
2026-01-03 12:00:00+00:00,-0.00040767163051289544,0.9611277819806943,-0.04188637588122812,5
2026-01-03 16:00:00+00:00,0.0014647030014971895,0.9625365802114179,-0.040481995731370235,5
2026-01-03 20:00:00+00:00,0.004112011652907612,0.9665026906032116,-0.03652832331405065,5
2026-01-04 00:00:00+00:00,0.012100760893056655,0.9782691565819839,-0.02479875772105622,5
2026-01-04 04:00:00+00:00,-0.0010656089849975245,0.9772272594050723,-0.0258373874421457,5
2026-01-04 08:00:00+00:00,0.0006497224179525097,0.9778623921705972,-0.025204246493374383,5
2026-01-04 12:00:00+00:00,0.0023843042256737187,0.980196695342978,-0.022877263844227835,5
2026-01-04 16:00:00+00:00,-0.0031875052635232364,0.9770772874230138,-0.025986889102528665,5
2026-01-04 20:00:00+00:00,-0.0005467862476955362,0.9765431810336366,-0.02651932050029404,5
2026-01-05 00:00:00+00:00,-0.0014365368803135093,0.9751413478724541,-0.027916757423512073,5
2026-01-05 04:00:00+00:00,0.0029274174963061874,0.9780001761659447,-0.025066894597400746,5
2026-01-05 08:00:00+00:00,-0.00028118960911515745,0.9777252113391318,-0.0253409971170262,5
2026-01-05 12:00:00+00:00,0.007693759338541692,0.9852766058708069,-0.0178132842389489,4
2026-01-05 16:00:00+00:00,0.004679718154776673,0.9898982282013736,-0.01320615560999372,4
2026-01-05 20:00:00+00:00,0.0023289946663080287,0.9922063826914633,-0.01090523963920731,4
2026-01-06 00:00:00+00:00,0.008970216213735723,1.0011467269348102,-0.001992932884105625,4
2026-01-06 04:00:00+00:00,-0.007043033878876529,0.9941203890319349,-0.008997235744369947,4
2026-01-06 08:00:00+00:00,0.009573924572539779,1.0036837289521878,0.0,4
2026-01-06 12:00:00+00:00,0.007876203518778808,1.0116201597141277,0.0,4
2026-01-06 16:00:00+00:00,-0.008553022119632311,1.003004646968641,-0.008516549084906955,5
2026-01-06 20:00:00+00:00,0.00824330553593856,1.0113068926887658,-0.00030966862646386595,5
2026-01-07 00:00:00+00:00,-0.008011251562826421,1.0032374251895309,-0.00828644471356288,5
2026-01-07 04:00:00+00:00,0.0020218695665416603,1.0052678923857472,-0.006279300849614922,5
2026-01-07 08:00:00+00:00,-0.0019701541525009073,1.0032893093699502,-0.008235156510257413,5
2026-01-07 12:00:00+00:00,-0.012850355611720815,0.9904791686742723,-0.020898151185351543,5
2026-01-07 16:00:00+00:00,0.0012709344296757568,0.9917388030384036,-0.019652985841387638,5
2026-01-07 20:00:00+00:00,0.002959108818664232,0.9946778123559044,-0.016747735991155976,5
2026-01-08 00:00:00+00:00,-0.003776203230558289,0.9909287897781033,-0.020453694736442873,5
2026-01-08 04:00:00+00:00,-4.7175885656625886e-05,0.9908820429374934,-0.020499904610930875,5
2026-01-08 08:00:00+00:00,0.0006841195259815061,0.9915601566199693,-0.01982958020511083,5
2026-01-08 12:00:00+00:00,-0.00043721498303246533,0.99112672642091,-0.0202580317290324,5
2026-01-08 16:00:00+00:00,-0.0029348041907662323,0.9882222277028564,-0.02312916739212001,5
2026-01-08 20:00:00+00:00,0.005123868981072883,0.9932987435161639,-0.018110963904813038,5
2026-01-09 00:00:00+00:00,0.007684466098749606,1.0009611169552324,-0.010536605717611836,5
2026-01-09 04:00:00+00:00,0.009418224765277792,1.010432927541842,-0.0011735948131175178,5
2026-01-09 08:00:00+00:00,0.001125190716287478,1.0115704971627129,-4.9092093448277474e-05,5
2026-01-09 12:00:00+00:00,0.015455952465557173,1.0273267328358464,0.0,5
2026-01-09 16:00:00+00:00,-0.012342985520586387,1.014724389116673,-0.012267123317608708,5
2026-01-09 20:00:00+00:00,0.019066724506316687,1.034257483809946,0.0,5
2026-01-10 00:00:00+00:00,0.005211191506077371,1.039661265466222,0.0,5
2026-01-10 04:00:00+00:00,0.005021160767256149,1.0448946997856934,0.0,5
2026-01-10 08:00:00+00:00,0.0019398812296428757,1.0469236387147685,0.0,5
2026-01-10 12:00:00+00:00,0.004009820189714269,1.051130042082843,0.0,5
2026-01-10 16:00:00+00:00,0.012896156821030074,1.0647733640692598,0.0,5
2026-01-10 20:00:00+00:00,-0.005313154770789972,1.0591310608785336,-0.00529906492886234,5
2026-01-11 00:00:00+00:00,0.002747924475513652,1.062045475505224,-0.002561942903615333,5
2026-01-11 04:00:00+00:00,-0.001990784272789654,1.0599332752407278,-0.004545651677493656,5
2026-01-11 08:00:00+00:00,0.001995332486428421,1.0620503059259254,-0.002557406331923695,5
2026-01-11 12:00:00+00:00,0.010382153559372123,1.0731341126221026,0.0,5
2026-01-11 16:00:00+00:00,0.01376832964020723,1.0880115606150207,0.0,5
2026-01-11 20:00:00+00:00,-0.006960839474204915,1.0804643846095943,-0.006936668946017632,5
2026-01-12 00:00:00+00:00,0.008406337886239807,1.08958541682745,0.0,5
2026-01-12 04:00:00+00:00,-0.006288905534944761,1.082754618704178,-0.006269171758154668,5
2026-01-12 08:00:00+00:00,-0.013244165866875952,1.0685089809680055,-0.019343537031555336,5
2026-01-12 12:00:00+00:00,-0.007961163288795235,1.060036177929785,-0.027119708506840534,5
2026-01-12 16:00:00+00:00,0.007101643670594586,1.0675909711168952,-0.020186068362218035,5
2026-01-12 20:00:00+00:00,-0.006145308837882446,1.0610504123472257,-0.02618886416753785,5
2026-01-13 00:00:00+00:00,0.009833867048406168,1.071536114030576,-0.016565294026629207,5
2026-01-13 04:00:00+00:00,0.010981464689320965,1.0833679968288596,-0.005706225416171162,5
2026-01-13 08:00:00+00:00,0.003269425344358948,1.0869157840674835,-0.002450136280035431,5
2026-01-13 12:00:00+00:00,0.007261983526398116,1.0948376781036375,0.0,5
2026-01-13 16:00:00+00:00,0.010221833272326586,1.106086319233051,0.0,5
2026-01-13 20:00:00+00:00,0.012790262874021366,1.1203243137639154,0.0,5
2026-01-14 00:00:00+00:00,0.006903232633886618,1.1280849289742432,0.0,5
2026-01-14 04:00:00+00:00,-0.005024352470831571,1.122431247611517,-0.005011751524654273,5
2026-01-14 08:00:00+00:00,-0.0035449473291404407,1.1184593322330312,-0.008532688004230682,5
2026-01-14 12:00:00+00:00,0.005453534076632828,1.1245755506589477,-0.0031109167627002554,5
2026-01-14 16:00:00+00:00,0.006373171065895365,1.1317655502319217,0.0,5
2026-01-14 20:00:00+00:00,-0.009296737295553595,1.121292580884485,-0.009253656241162922,5
2026-01-15 00:00:00+00:00,-0.021135011954551093,1.0978427281342933,-0.029973365146762854,5
2026-01-15 04:00:00+00:00,0.014288930659164804,1.1136423376930504,-0.016013221585652104,5
2026-01-15 08:00:00+00:00,0.006289466782123894,1.1206686268274026,-0.009804966587156794,5
2026-01-15 12:00:00+00:00,-0.005364898819079786,1.1146724518526654,-0.015103038235925847,5
2026-01-15 16:00:00+00:00,-0.012284217827608938,1.1010633324776173,-0.02712771894144761,5
2026-01-15 20:00:00+00:00,0.002110087274934503,1.103389125154181,-0.02507270615537449,5
2026-01-16 00:00:00+00:00,-0.005428709587552399,1.0974153755784213,-0.030350963277209986,5
2026-01-16 04:00:00+00:00,-0.00017192317784881438,1.0972267206571733,-0.030517654091583468,5
2026-01-16 08:00:00+00:00,0.0041598367045276065,1.101800511158258,-0.026476366123286965,5
2026-01-16 12:00:00+00:00,-0.004506170328328018,1.0968467799477966,-0.030853360289124887,5
2026-01-16 16:00:00+00:00,0.0013841329813020775,1.0983660129190396,-0.029511003675662284,2
2026-01-16 20:00:00+00:00,0.0023510045313187263,1.1009513142292118,-0.027226695490418007,5
2026-01-17 00:00:00+00:00,-0.002734326165624216,1.0979450661480583,-0.0298829418132871,5
2026-01-17 04:00:00+00:00,0.0031704231154461773,1.1014315404442325,-0.026802379504724416,5
2026-01-17 08:00:00+00:00,-0.0044275058667377805,1.0965657254978503,-0.031101693037801303,5
2026-01-17 12:00:00+00:00,0.002044054679930351,1.0988094581758232,-0.02911918643339617,5
2026-01-17 16:00:00+00:00,0.0016378558464745208,1.1006106242936398,-0.027527720676687517,5
2026-01-17 20:00:00+00:00,-0.002370346618255985,1.0980048850949156,-0.029830087273895134,5
2026-01-18 00:00:00+00:00,0.000655231249630221,1.09872456796148,-0.02919419332358264,5
2026-01-18 04:00:00+00:00,0.0008666983521378887,1.0996772435155173,-0.028352432807155936,5
2026-01-18 08:00:00+00:00,0.0045134680922214185,1.104651819515974,-0.023957020701320664,5
2026-01-18 12:00:00+00:00,-0.0019175967255208798,1.1025355725066817,-0.025826884127415073,5
2026-01-18 16:00:00+00:00,0.000617785487922296,1.1032169134228897,-0.02522486817449232,5
2026-01-18 20:00:00+00:00,-0.004907187514586119,1.0978164824602379,-0.0299965551741056,5
2026-01-19 00:00:00+00:00,-0.010483273881312451,1.086367885839104,-0.04011225150254383,5
2026-01-19 04:00:00+00:00,0.005890260489188428,1.0927857585891734,-0.03444157814731208,5
2026-01-19 08:00:00+00:00,0.002325988340184306,1.0953305239219056,-0.03219308654743014,5
2026-01-19 12:00:00+00:00,0.001709562002564907,1.0972046608860764,-0.0305371455587804,5
2026-01-19 16:00:00+00:00,-3.5389225263191383e-05,1.0971658323502325,-0.03057145349105128,5
2026-01-19 20:00:00+00:00,-0.004157924675467552,1.09261337041843,-0.03459389606395835,5
2026-01-20 00:00:00+00:00,0.0006475851828912383,1.0933211597999646,-0.03396851090234998,5
2026-01-20 04:00:00+00:00,-0.007492830459975001,1.0851597040969054,-0.0411797709565076,5
2026-01-20 08:00:00+00:00,0.0010861129988876544,1.0863389504388608,-0.04013781810530648,5
2026-01-20 12:00:00+00:00,-0.005753074017348699,1.0801071053704143,-0.045644122010006005,5
2026-01-20 16:00:00+00:00,-0.006970467494185964,1.0726044328475923,-0.05227329756786292,5
2026-01-20 20:00:00+00:00,-0.0037256058972423914,1.0686157661608353,-0.055797584630620456,5
2026-01-21 00:00:00+00:00,0.0025937344163553225,1.0713910692951196,-0.05334539554100237,5
2026-01-21 04:00:00+00:00,0.002393068762120169,1.0739580520531449,-0.05107727317458188,4
2026-01-21 08:00:00+00:00,0.009028044533702989,1.0836976919730459,-0.04247156864690371,4
2026-01-21 12:00:00+00:00,0.0055288569116501915,1.0897058953909284,-0.03716286896378351,4
2026-01-21 16:00:00+00:00,0.003500869821691135,1.0935274994406061,-0.03378619430807006,4
2026-01-21 20:00:00+00:00,-0.008221032678640302,1.08457442631078,-0.0416969079077123,4
2026-01-22 00:00:00+00:00,-0.002746831219033438,1.0815993712748355,-0.04432559282866144,4
2026-01-22 04:00:00+00:00,0.0005539101118416279,1.0821986460604056,-0.043796088475531736,4
2026-01-22 08:00:00+00:00,-0.00034831297411462266,1.0818217678710054,-0.044129088706297726,4
2026-01-22 12:00:00+00:00,-0.00336249166874972,1.0781902600684237,-0.04733779902782809,4
2026-01-22 16:00:00+00:00,0.0006598132869506947,1.0789018990764963,-0.04670901243158765,4
2026-01-22 20:00:00+00:00,4.3871721490323744e-05,1.0789492333984394,-0.04666718899745548,4
2026-01-23 00:00:00+00:00,0.009367068020418581,1.0891033069623859,-0.037695301169746176,4
2026-01-23 04:00:00+00:00,0.004014333753663555,1.0934841182650745,-0.03382452483997467,4
2026-01-23 08:00:00+00:00,0.00378138682346468,1.0976268323674616,-0.030164125297385436,4
2026-01-23 12:00:00+00:00,-0.0029157046470530516,1.0944311378262814,-0.032987761818682015,4
2026-01-23 16:00:00+00:00,9.63273431362784e-05,1.0945365665477866,-0.032894607612421245,4
2026-01-23 20:00:00+00:00,0.0,1.0945365665477866,-0.032894607612421245,3
2026-01-24 00:00:00+00:00,0.0,1.0945365665477866,-0.032894607612421245,4
2026-01-24 04:00:00+00:00,0.0,1.0945365665477866,-0.032894607612421245,4
2026-01-24 08:00:00+00:00,0.0,1.0945365665477866,-0.032894607612421245,4
2026-01-24 12:00:00+00:00,0.0,1.0945365665477866,-0.032894607612421245,4
2026-01-24 16:00:00+00:00,0.0,1.0945365665477866,-0.032894607612421245,4
2026-01-24 20:00:00+00:00,0.0,1.0945365665477866,-0.032894607612421245,4
2026-01-25 00:00:00+00:00,-0.002546054203469741,1.0917533617203365,-0.035353778442351325,4
2026-01-25 04:00:00+00:00,-0.00042488402279936536,1.0912895916913188,-0.03576355414980481,4
2026-01-25 08:00:00+00:00,-0.00028432463955039715,1.0909793552775344,-0.036037671358727374,4
2026-01-25 12:00:00+00:00,-0.0009300281035241351,1.089965185493063,-0.03693376665360859,4
2026-01-25 16:00:00+00:00,-0.004641921300177773,1.0849173777092445,-0.04139388454886006,4
2026-01-25 20:00:00+00:00,0.001721300753519502,1.0867864549695632,-0.03974241418917679,4
2026-01-26 00:00:00+00:00,0.0008489952463061872,1.0877095232884444,-0.03892681389219643,4
2026-01-26 04:00:00+00:00,0.0011686225505348668,1.0889813881860446,-0.037803025579909,4
2026-01-26 08:00:00+00:00,-0.0005094890765080438,1.0884267053786576,-0.0382931295659098,4
2026-01-26 12:00:00+00:00,0.0005094890765080438,1.0889813881860446,-0.037803025579909,4
2026-01-26 16:00:00+00:00,0.0006510334585940666,1.0896905823350507,-0.03717639920056681,4
2026-01-26 20:00:00+00:00,0.0010751539739607208,1.0908627975380336,-0.03614065888956086,4
2026-01-27 00:00:00+00:00,7.124241286964318e-05,1.0909405160042327,-0.03607198877835005,4
2026-01-27 04:00:00+00:00,-0.0005714539507923734,1.0903172718309158,-0.03662267188863666,4
2026-01-27 08:00:00+00:00,0.0022726867402688704,1.0927980393732561,-0.034430727150760454,5
2026-01-27 12:00:00+00:00,0.0015921821922465593,1.094539358832325,-0.032892140418983806,5
2026-01-27 16:00:00+00:00,0.0021055043914165452,1.0968463440904532,-0.0308537454018748,5
2026-01-27 20:00:00+00:00,0.002084304010437666,1.0991348895079558,-0.02883164337108446,5
2026-01-28 00:00:00+00:00,-0.0007772905292594849,1.0982808743199197,-0.029586230032483618,5
2026-01-28 04:00:00+00:00,-0.00015226640288031366,1.098113655773041,-0.02973398019756357,5
2026-01-28 08:00:00+00:00,0.0019849169123291074,1.1002954847983626,-0.02780617012694042,5
2026-01-28 12:00:00+00:00,-0.0026741629226803816,1.0973570460919422,-0.030402501766314205,5
2026-01-28 16:00:00+00:00,0.007232729799554543,1.1053227051044339,-0.023364242816959035,5
2026-01-28 20:00:00+00:00,-0.0016340185246546768,1.1035180621401244,-0.02495878062908774,4
2026-01-29 00:00:00+00:00,-0.0018420304781580055,1.10148721924795,-0.026753183093236155,5
2026-01-29 04:00:00+00:00,-0.0016115939254359277,1.0997134987789288,-0.02832039855465196,5
2026-01-29 08:00:00+00:00,-0.0012527791848200788,1.0983366632139346,-0.029536936347936082,5
2026-01-29 12:00:00+00:00,-0.004571330188992591,1.093327262204216,-0.03396311896914417,5
2026-01-29 16:00:00+00:00,-0.001111805207543819,1.092112370747017,-0.03503656696104496,5
2026-01-29 20:00:00+00:00,0.0010819711258797337,1.0932946442759552,-0.03399193936242628,5
2026-01-30 00:00:00+00:00,-0.00270369323515471,1.0903427033118163,-0.03660020126219343,5
2026-01-30 04:00:00+00:00,-0.0001238224966566892,1.090207702714309,-0.036719484445428496,5
2026-01-30 08:00:00+00:00,6.193668434119543e-05,1.090275228655803,-0.03665982019652081,5
2026-01-30 12:00:00+00:00,-0.0016587737565621583,1.0884682078527612,-0.03825645900804098,5
2026-01-30 16:00:00+00:00,0.0009434093066839856,1.0894955634222847,-0.037348713080173734,5
2026-01-30 20:00:00+00:00,-0.0024778733153797473,1.0867992733506346,-0.03973108818524518,5
2026-01-31 00:00:00+00:00,-0.0015993464431797403,1.0850624940244804,-0.041265663368063255,5
2026-01-31 04:00:00+00:00,-0.0020735664075541243,1.0828148759847425,-0.04325160298186159,5
2026-01-31 08:00:00+00:00,-0.0014032587577611961,1.081296472132896,-0.04459322700596746,5
2026-01-31 12:00:00+00:00,-0.003391671211530926,1.077635282302993,-0.04782816363144837,5
2026-01-31 16:00:00+00:00,-0.0016809206953084638,1.0758253844285268,-0.04942734455199804,5
2026-01-31 20:00:00+00:00,0.006067838987455827,1.0823731649889043,-0.0436418878741236,5
2026-02-01 00:00:00+00:00,0.006120009743071067,1.0890176106015217,-0.037771020351025975,5
2026-02-01 04:00:00+00:00,-0.006667485156414063,1.0817807544729037,-0.04416532712872834,5
2026-02-01 08:00:00+00:00,-0.0017398128802070863,1.0799002946811327,-0.04582685481119375,5
2026-02-01 12:00:00+00:00,-0.004757333725467363,1.0747750495062693,-0.05035539446661352,5
2026-02-01 16:00:00+00:00,-0.0023140345459695686,1.0722908582732515,-0.052550364292748286,5
2026-02-01 20:00:00+00:00,-0.0026734315285582445,1.0694279906304005,-0.05507992321267152,5
2026-02-02 00:00:00+00:00,-0.0005034246606719007,1.0688897497003507,-0.055555499563214816,5
2026-02-02 04:00:00+00:00,0.00023457083521586123,1.0691405094710063,-0.05533393444259049,5
2026-02-02 08:00:00+00:00,0.0017215772368366548,1.070982702719077,-0.05370621813006149,5
2026-02-02 12:00:00+00:00,0.0028849980710005598,1.0740769470487865,-0.05097222050212924,5
2026-02-02 16:00:00+00:00,-0.0034255726195509726,1.0704039131815903,-0.0542176222255194,5
2026-02-02 20:00:00+00:00,-0.0009267860804845652,1.069412337294697,-0.055093754112278126,5
2026-02-03 00:00:00+00:00,-0.00013305754680434275,1.0692700533787587,-0.055219472655230084,5
2026-02-03 04:00:00+00:00,0.0002610304192337751,1.0695492018205985,-0.05497282400809411,5
2026-02-03 08:00:00+00:00,-0.0013564132746149773,1.0680994345494614,-0.05625380244999845,5
2026-02-03 12:00:00+00:00,0.0017001947403942155,1.0699169562228752,-0.05464788532958309,5
2026-02-03 16:00:00+00:00,-0.0021595268523716678,1.0676089348401456,-0.05668719584071902,5
2026-02-03 20:00:00+00:00,0.005342819396375268,1.0733282415712844,-0.05163375811241322,5
2026-02-04 00:00:00+00:00,-0.0001381046969871473,1.0731800201349884,-0.05176472290124756,5
2026-02-04 04:00:00+00:00,-0.0011065045772441788,1.0719931982635094,-0.05281336930264735,5
2026-02-04 08:00:00+00:00,-0.0009527928739433515,1.0709722972141429,-0.05371541217641862,5
2026-02-04 12:00:00+00:00,-0.0027708129363636326,1.0680089406677686,-0.056333760601820826,5
2026-02-04 16:00:00+00:00,0.0015886116270854415,1.0697069404627515,-0.054833450051959165,5
2026-02-04 20:00:00+00:00,-0.005255762483799435,1.0640995632854355,-0.0597879895996305,5
2026-02-05 00:00:00+00:00,-0.0004706228287017479,1.063598891561954,-0.06023037073005,5
2026-02-05 04:00:00+00:00,-0.00243247362232397,1.061014859382682,-0.06251355754267429,5
2026-02-05 08:00:00+00:00,-0.005115746459552935,1.055600836563761,-0.06729725396974051,5
2026-02-05 12:00:00+00:00,-0.0070360775328726175,1.0481996155503281,-0.07383678948742456,5
2026-02-05 16:00:00+00:00,-0.00347265091135734,1.044565897169502,-0.07704745302112326,5
2026-02-05 20:00:00+00:00,-0.004995418648990937,1.0393608646887933,-0.08164649076320873,5
2026-02-06 00:00:00+00:00,0.0050997261908387135,1.0446748589532027,-0.0769511770886403,5
2026-02-06 04:00:00+00:00,0.005348987419244484,1.0502777832576753,-0.07200057198909082,5
2026-02-06 08:00:00+00:00,0.004682306804909246,1.0552070372031712,-0.06764520532813723,5
2026-02-06 12:00:00+00:00,0.008582661163367731,1.0643024974549509,-0.059608681995265145,5
2026-02-06 16:00:00+00:00,0.010032318734655377,1.0750336585485962,-0.05012689392401104,5
2026-02-06 20:00:00+00:00,-0.0002788501405909551,1.0747339270537968,-0.05039172924678437,5
2026-02-07 00:00:00+00:00,0.0012359306959322663,1.0760630448837762,-0.049217353661923036,5
2026-02-07 04:00:00+00:00,-0.007929573528059175,1.067564065024684,-0.0567268416979837,5
2026-02-07 08:00:00+00:00,0.0030756741020778315,1.070852598808488,-0.05382117472205383,5
2026-02-07 12:00:00+00:00,0.0035222513396834182,1.0746310612500634,-0.05048261892239991,5
2026-02-07 16:00:00+00:00,0.002984676951401531,1.077843279141573,-0.047644382778128325,5
2026-02-07 20:00:00+00:00,-0.0006154544974379156,1.0771801197410429,-0.04823033399425625,5
2026-02-08 00:00:00+00:00,-0.0008650856833671407,1.0762486695912312,-0.049053340269381684,5
2026-02-08 04:00:00+00:00,0.0019288247242305581,1.0783265679412033,-0.0472173607685511,5
2026-02-08 08:00:00+00:00,0.004818239572774276,1.0835347407194944,-0.042615548337324616,5
2026-02-08 12:00:00+00:00,-0.00414676053988313,1.0790508847767541,-0.046577372358051816,5
2026-02-08 16:00:00+00:00,0.001281919739664074,1.0804350283970172,-0.045354377348193586,5
2026-02-08 20:00:00+00:00,-0.0020107482305319556,1.0782647282702627,-0.047272000769678524,5
2026-02-09 00:00:00+00:00,0.003475656619468909,1.0820189265834395,-0.043954884152718865,5
2026-02-09 04:00:00+00:00,-0.0012887147240938789,1.0806254109759048,-0.04518616001833353,5
2026-02-09 08:00:00+00:00,-0.00398266094519649,1.0763302052067556,-0.04898129741959922,5
2026-02-09 12:00:00+00:00,0.007728396611507603,1.0846807384706034,-0.04160297311724115,5
2026-02-09 16:00:00+00:00,0.015254220610657895,1.1013535397417709,-0.026871298992904302,5
2026-02-09 20:00:00+00:00,-0.0025995909379207126,1.098494189241496,-0.02939775025278657,5
2026-02-10 00:00:00+00:00,-0.0038861872551371555,1.0942335193661195,-0.03316237259396271,5
2026-02-10 04:00:00+00:00,-0.014479929447883616,1.0785032565976327,-0.04706124304929982,5
2026-02-10 08:00:00+00:00,-0.003951278537628273,1.0742501978703518,-0.05081914036858948,5
2026-02-10 12:00:00+00:00,0.01129616600782685,1.0864539042166101,-0.04003624779533743,5
2026-02-10 16:00:00+00:00,-0.004823520507631231,1.0812259901406067,-0.044655503148119724,5
2026-02-10 20:00:00+00:00,0.004294627346696717,1.085879438105989,-0.04054383181793231,5
2026-02-11 00:00:00+00:00,0.0189610104230148,1.1066652466775944,-0.022178006345204393,5
2026-02-11 04:00:00+00:00,-0.02262686750087784,1.081906046674357,-0.04405462204371513,5
2026-02-11 08:00:00+00:00,-0.00164134349247913,1.0801317237601953,-0.0456223698107312,5
2026-02-11 12:00:00+00:00,0.002962114700452596,1.0833359411043704,-0.04279120275186599,5
2026-02-11 16:00:00+00:00,0.004257003295524879,1.087957535868477,-0.03870767612114323,5
2026-02-11 20:00:00+00:00,-0.011535331866652008,1.0754796910381899,-0.04973279066693426,5
2026-02-12 00:00:00+00:00,0.014922803751919844,1.0916492106256688,-0.035445803769192596,5
2026-02-12 04:00:00+00:00,0.012612174745064382,1.1055044700478736,-0.023203639816273602,5
2026-02-12 08:00:00+00:00,-0.001290358678422648,1.1040788927117577,-0.02446324463091354,5
2026-02-12 12:00:00+00:00,-0.019867163562909938,1.0823604332166692,-0.04365313735263321,5
2026-02-12 16:00:00+00:00,-0.005752411484250352,1.0761521241243217,-0.04913864545196989,5
2026-02-12 20:00:00+00:00,0.01004535381075801,1.0870169320220164,-0.039538770375839194,5
2026-02-13 00:00:00+00:00,0.004409456809208443,1.091820669387487,-0.03529430705524583,5
2026-02-13 04:00:00+00:00,0.004593462273074452,1.0968474427494816,-0.03085277465397729,5
2026-02-13 08:00:00+00:00,0.0188508340806944,1.1177200468093789,-0.012410258838206012,5
2026-02-13 12:00:00+00:00,0.008911074060620805,1.1277246425693954,-0.003570445894645058,5
2026-02-13 16:00:00+00:00,-0.002524026033373856,1.1248818253945811,-0.006082288717773721,5
2026-02-13 20:00:00+00:00,0.024137090882960524,1.1523635302284352,0.0,5
2026-02-14 00:00:00+00:00,-0.0036571096671323923,1.148156907151385,-0.0036504305860982633,5
2026-02-14 04:00:00+00:00,-0.008050590204068177,1.138950673930246,-0.011639431434913972,5
2026-02-14 08:00:00+00:00,0.01747500239802993,1.159028761054665,0.0,5
2026-02-14 12:00:00+00:00,-0.004264147297562502,1.1540970140161275,-0.004255068730175227,5
2026-02-14 16:00:00+00:00,0.004735779440306131,1.15957552519838,0.0,5
2026-02-14 20:00:00+00:00,-8.194348911395093e-06,1.1595660232708684,-8.194315337828328e-06,5
2026-02-15 00:00:00+00:00,-0.001236793108819125,1.1581327665078094,-0.001244212782365972,5
2026-02-15 04:00:00+00:00,0.0025132594727363487,1.1610471153773394,0.0,5
2026-02-15 08:00:00+00:00,-0.0023787285470445755,1.158288581661705,-0.0023759016142406164,5
2026-02-15 12:00:00+00:00,-0.0006012461053727246,1.1575923744799845,-0.00297553893515512,5
2026-02-15 16:00:00+00:00,-0.0036751132362747114,1.1533458993403876,-0.006632991835519908,5
2026-02-15 20:00:00+00:00,0.0007345246034491202,1.1541933714862085,-0.005903071288285711,5
2026-02-16 00:00:00+00:00,-0.0017507111701044673,1.1521744800218627,-0.007641925325823751,5
2026-02-16 04:00:00+00:00,0.0007699498377794811,1.15306193818114,-0.006877565165479327,5
2026-02-16 08:00:00+00:00,-0.010691036529883605,1.1408001731590267,-0.017438519031790056,5
2026-02-16 12:00:00+00:00,-0.014551375234975402,1.124320156020236,-0.03163261754900193,5
2026-02-16 16:00:00+00:00,0.0018135806735837757,1.1263610514309639,-0.029874811699697967,5
2026-02-16 20:00:00+00:00,0.009151916998861007,1.1367167291554652,-0.02095555460207732,5
2026-02-17 00:00:00+00:00,0.0036920685837656293,1.1409213223268024,-0.01733417428456041,5
2026-02-17 04:00:00+00:00,0.004281053658657535,1.145816137735922,-0.013118311427411267,5
2026-02-17 08:00:00+00:00,-0.009173028202711169,1.1353535939575674,-0.022129611347788902,5
2026-02-17 12:00:00+00:00,0.0036689720704219204,1.1395268256376443,-0.018535242415809283,5
2026-02-17 16:00:00+00:00,0.027927495927815172,1.1717995064521411,0.0,5
2026-02-17 20:00:00+00:00,0.003123970721725377,1.1754658976696877,0.0,5
2026-02-18 00:00:00+00:00,-0.006631003161545487,1.1676971652964558,-0.006609066574056355,5
2026-02-18 04:00:00+00:00,-0.006436062106656101,1.1602059267162688,-0.012982061822185753,5
2026-02-18 08:00:00+00:00,-0.0015750744718535394,1.1583799543777116,-0.014535464895960248,5
2026-02-18 12:00:00+00:00,-0.0055155558436719,1.1520084324461826,-0.019955887508100845,5
2026-02-18 16:00:00+00:00,-0.015714976121688595,1.1340461554779788,-0.03523687269347564,5
2026-02-18 20:00:00+00:00,0.005079811457006187,1.1398215526765216,-0.03032358919457334,5
2026-02-19 00:00:00+00:00,-0.001145896112751556,1.1385161836415683,-0.0314341012371101,5
2026-02-19 04:00:00+00:00,-0.003053367431000745,1.1350451772324286,-0.03438697840353466,5
2026-02-19 08:00:00+00:00,-0.015996797178169087,1.1170325460619213,-0.049710801243667,5
2026-02-19 12:00:00+00:00,-0.007991070087642597,1.1081418311703735,-0.057274368089096694,5
2026-02-19 16:00:00+00:00,0.005768465575840604,1.114552581496343,-0.05182057284188568,5
2026-02-19 20:00:00+00:00,6.835943012557311e-05,1.1146287742798773,-0.051755753621110956,5
2026-02-20 00:00:00+00:00,0.01076143097663004,1.1266885487289824,-0.04149618380031639,5
2026-02-20 04:00:00+00:00,0.0202798134468494,1.149770843542146,-0.02185946370582159,5
2026-02-20 08:00:00+00:00,0.016896441118347816,1.1693629310668545,-0.005191955474788346,5
2026-02-20 12:00:00+00:00,0.007452426635565926,1.178110075764356,0.0,5
2026-02-20 16:00:00+00:00,-0.006696852884010971,1.1702468048774857,-0.0066744789376056435,5
2026-02-20 20:00:00+00:00,0.017610499029573255,1.1910379691613882,0.0,5
2026-02-21 00:00:00+00:00,-0.006431342916196717,1.1834025747932646,-0.006410706094869156,5
2026-02-21 04:00:00+00:00,0.008493908288196345,1.193497098018533,0.0,5
2026-02-21 08:00:00+00:00,0.008089089300990256,1.2031905553897961,0.0,5
2026-02-21 12:00:00+00:00,0.005318250123907827,1.2096064693053843,0.0,5
2026-02-21 16:00:00+00:00,0.0033966281463958265,1.2137220382569547,0.0,5
2026-02-21 20:00:00+00:00,-0.009470235329486,1.2022820600726127,-0.00942553387328382,5
2026-02-22 00:00:00+00:00,0.003650909840673406,1.206679505931663,-0.005802426011317641,5
2026-02-22 04:00:00+00:00,-0.004442144498014775,1.201331149085258,-0.01020900072762243,5
2026-02-22 08:00:00+00:00,0.004942262068384828,1.2072831384854263,-0.005305085982269309,5
2026-02-22 12:00:00+00:00,-0.011542491400332937,1.193428197334348,-0.016720336520997137,5
2026-02-22 16:00:00+00:00,-0.006707308357088487,1.185450291459293,-0.023293427907318143,5
2026-02-22 20:00:00+00:00,0.0013683599573849205,1.1870735244998638,-0.021956026929659478,5
2026-02-23 00:00:00+00:00,-0.02333767606810913,1.1596907550354665,-0.044517015855692454,5
2026-02-23 04:00:00+00:00,0.010326223955130831,1.1717280242978811,-0.034599366770485473,5
2026-02-23 08:00:00+00:00,0.02885265305182181,1.206027928620539,-0.006339268295288747,5
2026-02-23 12:00:00+00:00,-0.01485880210597948,1.1882402771592449,-0.020994725558666327,5
2026-02-23 16:00:00+00:00,-0.010574535786640056,1.1757413892633986,-0.03129270771757653,5
2026-02-23 20:00:00+00:00,-0.0014248109932161114,1.1740673728684778,-0.032671949703925285,5
2026-02-24 00:00:00+00:00,-0.0068082735608237495,1.166101149898994,-0.03923541540561448,5
2026-02-24 04:00:00+00:00,-0.010571203682495795,1.1538389842459325,-0.049338359297670165,5
2026-02-24 08:00:00+00:00,0.0031286011670555074,1.157454539104082,-0.04635946071612851,5
2026-02-24 12:00:00+00:00,0.01655820447514134,1.1767794594941292,-0.030437429327623722,5
2026-02-24 16:00:00+00:00,0.010180572768398495,1.1888209389908528,-0.02051631138037402,5
2026-02-24 20:00:00+00:00,0.02855627728941702,1.2232586049588552,0.0,5
2026-02-25 00:00:00+00:00,0.010895807973971633,1.236659872056033,0.0,5
2026-02-25 04:00:00+00:00,0.005752650145186683,1.24379444532519,0.0,5
2026-02-25 08:00:00+00:00,0.013826759343150452,1.2611115355242197,0.0,5
2026-02-25 12:00:00+00:00,0.027761001743090763,1.2966117357281675,0.0,5
2026-02-25 16:00:00+00:00,0.0025506592363461755,1.2999231718050528,0.0,5
2026-02-25 20:00:00+00:00,-0.009719746455492263,1.2873494538289296,-0.009672662391780773,5
2026-02-26 00:00:00+00:00,0.009073002186300468,1.2990827257494282,-0.0006465351751961945,5
2026-02-26 04:00:00+00:00,-0.006724429749994428,1.290376440429381,-0.007344073544296781,5
2026-02-26 08:00:00+00:00,0.00893067607242532,1.3019519862194773,0.0,5
2026-02-26 12:00:00+00:00,0.010489674050258642,1.3156809183089777,0.0,5
2026-02-26 16:00:00+00:00,-0.0004961257353310555,1.3150283370404872,-0.000496002685308583,5
2026-02-26 20:00:00+00:00,-0.007267841591652165,1.3055055663101667,-0.007733905582433476,5
2026-02-27 00:00:00+00:00,0.0020293277207460046,1.3081575549123492,-0.00571822794716681,5
2026-02-27 04:00:00+00:00,0.0014008515670974535,1.3099913736271804,-0.004324410731068373,5
2026-02-27 08:00:00+00:00,-0.02217437613281291,1.2812628281141925,-0.026159906794895438,5
2026-02-27 12:00:00+00:00,0.010498200053438692,1.2947846347314644,-0.01588248585711105,5
2026-02-27 16:00:00+00:00,-0.011401967820164609,1.2801053871771269,-0.027039634486434205,5
2026-02-27 20:00:00+00:00,0.010867990464894181,1.2940934336158612,-0.01640784204795076,5
2026-02-28 00:00:00+00:00,0.004991144478819357,1.300568586682213,-0.011486319681665913,5
2026-02-28 04:00:00+00:00,-0.022852774447760068,1.2711840243325292,-0.03382042967807086,5
2026-02-28 08:00:00+00:00,-0.0052822495663830005,1.2644870162768969,-0.03891057574801604,5
2026-02-28 12:00:00+00:00,0.011278074203515953,1.278828716037232,-0.028009984608662664,5
2026-02-28 16:00:00+00:00,0.01955711629863369,1.3040850838226579,-0.00881356134679201,5
2026-02-28 20:00:00+00:00,0.003956985158721664,1.309255552131754,-0.004883681208573076,5
2026-03-01 00:00:00+00:00,0.005560654919040554,1.3165561496981473,0.0,5
2026-03-01 04:00:00+00:00,-0.010017814052769105,1.3034329774994362,-0.009967802893723787,5
2026-03-01 08:00:00+00:00,-0.0053104819213543025,1.296529466944669,-0.015211415599759914,5
2026-03-01 12:00:00+00:00,0.001634197809068952,1.2986499847598054,-0.013600760546709112,5
2026-03-01 16:00:00+00:00,-0.0050032961613999186,1.2921686817358424,-0.018523682387489693,5
2026-03-01 20:00:00+00:00,0.007507826980602856,1.3019065700768482,-0.011127196986363108,5
2026-03-02 00:00:00+00:00,0.014886815826657188,1.32143279445105,0.0,5
2026-03-02 04:00:00+00:00,-0.009555893760444762,1.308865464721689,-0.009510381293799886,5
2026-03-02 08:00:00+00:00,0.015262748331342115,1.3289955785632321,0.0,5
2026-03-02 12:00:00+00:00,0.03273780950642278,1.3732240033896175,0.0,5
2026-03-02 16:00:00+00:00,-0.008925624830837083,1.3610216589111128,-0.008885909690177884,5
2026-03-02 20:00:00+00:00,0.0027356882486792257,1.3647500874533751,-0.006170818391846966,5
2026-03-03 00:00:00+00:00,-0.0033447264243560942,1.3601929971318565,-0.00948935222920344,5
2026-03-03 04:00:00+00:00,0.00027711713906251173,1.3605699821558876,-0.009214826716176794,5
2026-03-03 08:00:00+00:00,0.0024031320146886766,1.3638435432625666,-0.006830975939756678,5
2026-03-03 12:00:00+00:00,-0.01345165728986012,1.3456204276586787,-0.020101291313582514,5
2026-03-03 16:00:00+00:00,-0.001364309021926228,1.343785837327772,-0.02143726441511462,5
2026-03-03 20:00:00+00:00,9.679633643298988e-05,1.3439159171693005,-0.021342538542855283,5
2026-03-04 00:00:00+00:00,-0.015488737460026093,1.3232607306719903,-0.03638392031766091,5
2026-03-04 04:00:00+00:00,0.01678290019759279,1.345656288990998,-0.02007517661399183,5
2026-03-04 08:00:00+00:00,-0.0006094244626631403,1.344836462966541,-0.020672184838748553,5
2026-03-04 12:00:00+00:00,0.018788242087755095,1.3703424318683957,-0.002098398742018115,5
2026-03-04 16:00:00+00:00,-0.014716281520767998,1.3503237484358208,-0.016676270511781333,5
2026-03-04 20:00:00+00:00,-0.008660712808453406,1.338679478873759,-0.02515578261856033,5
2026-03-05 00:00:00+00:00,0.0028215754995317937,1.3424619979151253,-0.022401301898714476,5
2026-03-05 04:00:00+00:00,-0.002827888679193847,1.3386710275763762,-0.025161936965820475,5
2026-03-05 08:00:00+00:00,0.013579214153028473,1.3569731108608638,-0.011834116275742712,5
2026-03-05 12:00:00+00:00,-0.00372114475028208,1.351933000798491,-0.015504391518479488,5
2026-03-05 16:00:00+00:00,0.001090089891939362,1.3534075328374613,-0.014430617658329536,5
2026-03-05 20:00:00+00:00,-0.0014421144362759333,1.351457170956717,-0.015850897143635745,5
2026-03-06 00:00:00+00:00,0.0004537825636604254,1.352070577822575,-0.015404206098078799,5
2026-03-06 04:00:00+00:00,-0.003280109200499009,1.3476429042767228,-0.018628496916563653,5
2026-03-06 08:00:00+00:00,-0.010743566577947901,1.3332419105471474,-0.029115492260388454,5
2026-03-06 12:00:00+00:00,-0.024864218712282456,1.3005006221495423,-0.052958134332466766,5
2026-03-06 16:00:00+00:00,-0.0018785061457300696,1.298059916895945,-0.054735488389468956,5
2026-03-06 20:00:00+00:00,0.001163321712122886,1.299570856865144,-0.05363520178985404,5
2026-03-07 00:00:00+00:00,0.007745001416459271,1.3096751132236175,-0.04627714779900305,5
2026-03-07 04:00:00+00:00,-0.0006142914470171683,1.308870838058162,-0.04686283168121763,5
2026-03-07 08:00:00+00:00,-0.002748567824901963,1.305278257273416,-0.049478996834082856,5
2026-03-07 12:00:00+00:00,0.003056458489433874,1.3092738892149385,-0.04656932446332629,5
2026-03-07 16:00:00+00:00,-0.0023681925214204726,1.3061769451093355,-0.048824560388389227,5
2026-03-07 20:00:00+00:00,0.0023677849131684297,1.3092733555442058,-0.04656971308945823,5
2026-03-08 00:00:00+00:00,0.006873318690060099,1.318303406227171,-0.03999390997163055,5
2026-03-08 04:00:00+00:00,0.003451289479116333,1.322861113362654,-0.036674926962134036,5
2026-03-08 08:00:00+00:00,-0.0011555454841690824,1.321333370035374,-0.03778744999079431,5
2026-03-08 12:00:00+00:00,0.0031836967764866833,1.325546798406466,-0.03471917536065994,5
2026-03-08 16:00:00+00:00,0.008634362632566964,1.3370416038963255,-0.02634850498096497,5
2026-03-08 20:00:00+00:00,-0.018481379599304987,1.3125581711607737,-0.04417766662911393,5
2026-03-09 00:00:00+00:00,0.008766159515496074,1.3241148452804483,-0.035761942689575665,5
2026-03-09 04:00:00+00:00,0.009438977606345548,1.3366723072212563,-0.026617431735928232,5
2026-03-09 08:00:00+00:00,0.005501943203821143,1.3440468709499271,-0.021247176256510625,5
2026-03-09 12:00:00+00:00,-0.0011537497482645626,1.3424970714232363,-0.022375760903200037,5
2026-03-09 16:00:00+00:00,0.0032236838077712407,1.3468318407031736,-0.019219124207921157,5
2026-03-09 20:00:00+00:00,-0.011672168786764314,1.3312027820771182,-0.030600412757696982,5
2026-03-10 00:00:00+00:00,0.03455883724608428,1.3780117759407509,0.0,5
2026-03-10 04:00:00+00:00,-0.008638827195134723,1.3661586426365693,-0.008601619747472533,5
2026-03-10 08:00:00+00:00,0.015124256069417568,1.3869778161831392,0.0,5
2026-03-10 12:00:00+00:00,0.001442676042802755,1.3889802199130876,0.0,5
2026-03-10 16:00:00+00:00,-0.015388808585516072,1.3677690947441556,-0.015271005925670544,5
2026-03-10 20:00:00+00:00,0.0008995393717614239,1.3690000104419215,-0.01438480489838534,5
2026-03-11 00:00:00+00:00,-0.006321086105188849,1.3603737359325767,-0.020595314152350497,5
2026-03-11 04:00:00+00:00,-3.2644248573773755e-06,1.3603692951019861,-0.020598511340134018,5
2026-03-11 08:00:00+00:00,0.0020861041322971234,1.3632101292176069,-0.018553245270183316,5
2026-03-11 12:00:00+00:00,0.012167991048332251,1.3798989868901161,-0.006538057844725609,5
2026-03-11 16:00:00+00:00,0.0028806072399630597,1.3838796645339857,-0.0036721583979223427,5
2026-03-11 20:00:00+00:00,-0.006697242806816849,1.3746424528563261,-0.010322513489543161,5
2026-03-12 00:00:00+00:00,-0.011578659834839902,1.3588177268550887,-0.021715567022175586,5
2026-03-12 04:00:00+00:00,0.010300213403681405,1.3728861690149672,-0.011586954707769381,5
2026-03-12 08:00:00+00:00,-3.3084298215280795e-05,1.372840748790888,-0.011619655118781713,5
2026-03-12 12:00:00+00:00,0.010047129186001865,1.3867033803577122,-0.0016392166877061687,5
2026-03-12 16:00:00+00:00,0.0029282633076981356,1.3907699640932252,0.0,5
2026-03-12 20:00:00+00:00,0.007100879852201732,1.4006808006962213,0.0,5
2026-03-13 00:00:00+00:00,0.002938121401772063,1.4048022225878638,0.0,5
2026-03-13 04:00:00+00:00,-0.0087290289835286,1.3925930280016368,-0.008691041621315065,5
2026-03-13 08:00:00+00:00,0.0009162846952357983,1.3938696244534652,-0.007782304126953243,5
2026-03-13 12:00:00+00:00,-0.0024445382933765587,1.3904664181093593,-0.010204856063009138,5
2026-03-13 16:00:00+00:00,-0.0066550833804654985,1.3812434719374338,-0.0167701547389576,5
2026-03-13 20:00:00+00:00,-0.006377147513778349,1.3724631051681522,-0.02302040593311272,5
2026-03-14 00:00:00+00:00,-0.003841167551394018,1.3672013565217445,-0.02676595001170534,5
2026-03-14 04:00:00+00:00,-0.0010227288290512722,1.3658037950643258,-0.027760795716636033,5
2026-03-14 08:00:00+00:00,-0.000202362014336186,1.365527436220378,-0.027957520094989308,5
2026-03-14 12:00:00+00:00,0.0059628006495651975,1.3736941280846409,-0.022144109685359847,5
2026-03-14 16:00:00+00:00,-0.0005829543529647235,1.3728935604828878,-0.02271398891026477,5
2026-03-14 20:00:00+00:00,0.006579945976750917,1.381956911422157,-0.016262297139324144,5
2026-03-15 00:00:00+00:00,-0.008281855594033015,1.3705590068919038,-0.02437582682128636,5
2026-03-15 04:00:00+00:00,-0.0032430891641685384,1.3661213615570067,-0.02753473792175598,5
2026-03-15 08:00:00+00:00,-0.0040186331177263146,1.360642437277349,-0.03143487716667026,5
2026-03-15 12:00:00+00:00,0.0049141978119658595,1.3673453596193814,-0.026663442274088234,5
2026-03-15 16:00:00+00:00,0.016608158030189592,1.3902440738205057,-0.010363130505687601,5
2026-03-15 20:00:00+00:00,0.006280455535864292,1.3990029158787969,-0.004128201547392019,5
2026-03-16 00:00:00+00:00,0.0057249567025888515,1.4070351170629776,0.0,5
2026-03-16 04:00:00+00:00,-0.003004194998251844,1.402814452226385,-0.0029996869199702125,5
2026-03-16 08:00:00+00:00,-0.0037097229515292195,1.3976200401282568,-0.0066914299583180625,5
2026-03-16 12:00:00+00:00,0.004582049171083067,1.4040386979474193,-0.0021295979604353255,5
2026-03-16 16:00:00+00:00,0.005245583002110532,1.4114230501595018,0.0,5
2026-03-16 20:00:00+00:00,-0.003865991974341383,1.4059770338857511,-0.0038585286481861436,2
2026-03-17 00:00:00+00:00,-0.00626936230344852,1.3971900277136384,-0.010084164662221506,5
2026-03-17 04:00:00+00:00,-0.0008471407185264917,1.3960069123529963,-0.010922407569270765,5
2026-03-17 08:00:00+00:00,-0.00047356853577897626,1.3953459639181198,-0.011390692705185113,5
2026-03-17 12:00:00+00:00,-0.002055054047525767,1.392481396975364,-0.013420252122138154,5
2026-03-17 16:00:00+00:00,0.0018829242335749166,1.395105803946892,-0.011560847196569357,5
2026-03-17 20:00:00+00:00,-0.0025906750602388154,1.3914962157880644,-0.014118257718113258,5
2026-03-18 00:00:00+00:00,0.0012018145764021966,1.3931695415354373,-0.012932698401093679,5
2026-03-18 04:00:00+00:00,-0.003587063081642993,1.3881811067704732,-0.016467028355815816,5
2026-03-18 08:00:00+00:00,-0.0010936669465872444,1.386663728882388,-0.01754209786662886,5
2026-03-18 12:00:00+00:00,-0.010143059420636043,1.3726698068515184,-0.02745685873813941,5
2026-03-18 16:00:00+00:00,0.0002890622687589615,1.3730666512537522,-0.027175692575953758,5
2026-03-18 20:00:00+00:00,0.009264203652982387,1.385846124762438,-0.018121374306713567,5
2026-03-19 00:00:00+00:00,-0.0027851978541569107,1.3819916393535112,-0.02085229570444136,5
2026-03-19 04:00:00+00:00,-0.004167104612759971,1.3762447179458763,-0.02492401708307801,5
2026-03-19 08:00:00+00:00,-0.003075401214538455,1.3720187149270384,-0.02791816048916751,5
2026-03-19 12:00:00+00:00,-0.005883433971855559,1.36397023298203,-0.03362054854645402,5
2026-03-19 16:00:00+00:00,0.004356584262749433,1.369925447010683,-0.029401250846887605,5
2026-03-19 20:00:00+00:00,0.00566803343357294,1.377712277406331,-0.023884244167162394,5
2026-03-20 00:00:00+00:00,0.0030351150173437533,1.3819001447437302,-0.02091712007426494,5
2026-03-20 04:00:00+00:00,-0.002109812551182815,1.378987667944283,-0.022980623854451987,5
2026-03-20 08:00:00+00:00,-0.003495030192595921,1.3741764769360034,-0.026389375757530087,5
2026-03-20 12:00:00+00:00,2.6584110576683404e-05,1.374213008680998,-0.026363492841000924,5
2026-03-20 16:00:00+00:00,0.0003264246452740279,1.3746616588961478,-0.02604562201191174,4
2026-03-20 20:00:00+00:00,0.0005311738879114599,1.3753920372358448,-0.02552814545545734,5
2026-03-21 00:00:00+00:00,-0.0005103043750282667,1.3746903477147079,-0.02602529584637492,5
2026-03-21 04:00:00+00:00,0.0003751041667519628,1.3752060965158444,-0.02565988534731989,5
2026-03-21 08:00:00+00:00,0.0,1.3752060965158444,-0.02565988534731989,4
2026-03-21 12:00:00+00:00,0.0,1.3752060965158444,-0.02565988534731989,5
2026-03-21 16:00:00+00:00,0.0,1.3752060965158444,-0.02565988534731989,5
2026-03-21 20:00:00+00:00,0.0,1.3752060965158444,-0.02565988534731989,5
2026-03-22 00:00:00+00:00,0.0,1.3752060965158444,-0.02565988534731989,5
2026-03-22 04:00:00+00:00,0.0,1.3752060965158444,-0.02565988534731989,5
2026-03-22 08:00:00+00:00,0.0,1.3752060965158444,-0.02565988534731989,5
2026-03-22 12:00:00+00:00,0.0,1.3752060965158444,-0.02565988534731989,5
2026-03-22 16:00:00+00:00,0.0,1.3752060965158444,-0.02565988534731989,5
2026-03-22 20:00:00+00:00,0.0,1.3752060965158444,-0.02565988534731989,5
2026-03-23 00:00:00+00:00,0.0,1.3752060965158444,-0.02565988534731989,5
2026-03-23 04:00:00+00:00,0.0,1.3752060965158444,-0.02565988534731989,5
2026-03-23 08:00:00+00:00,0.0,1.3752060965158444,-0.02565988534731989,5
2026-03-23 12:00:00+00:00,0.0,1.3752060965158444,-0.02565988534731989,5
2026-03-23 16:00:00+00:00,0.0,1.3752060965158444,-0.02565988534731989,5
2026-03-23 20:00:00+00:00,0.0,1.3752060965158444,-0.02565988534731989,5
2026-03-24 00:00:00+00:00,0.0,1.3752060965158444,-0.02565988534731989,5
2026-03-24 04:00:00+00:00,0.0,1.3752060965158444,-0.02565988534731989,5
2026-03-24 08:00:00+00:00,0.0,1.3752060965158444,-0.02565988534731989,5
2026-03-24 12:00:00+00:00,0.0,1.3752060965158444,-0.02565988534731989,5
2026-03-24 16:00:00+00:00,0.0,1.3752060965158444,-0.02565988534731989,5
2026-03-24 20:00:00+00:00,0.0,1.3752060965158444,-0.02565988534731989,5
2026-03-25 00:00:00+00:00,0.0,1.3752060965158444,-0.02565988534731989,5
2026-03-25 04:00:00+00:00,4.2763078125793904e-05,1.375264905819013,-0.02561821867398484,5
2026-03-25 08:00:00+00:00,0.001864230758316384,1.3778311082107837,-0.02380005197231394,5
2026-03-25 12:00:00+00:00,-0.0026803808279759816,1.3741429411783668,-0.02641313600264783,5
2026-03-25 16:00:00+00:00,-0.0008972135403832879,1.3729105944468754,-0.027286259572049776,5
2026-03-25 20:00:00+00:00,-0.0004652127603002063,1.3722720474612067,-0.027738673173766548,5
2026-03-26 00:00:00+00:00,-0.0006765919207803924,1.37134389330699,-0.028396274843309754,5
2026-03-26 04:00:00+00:00,-0.0025064762031607054,1.3679109565564656,-0.030828526994878702,5
2026-03-26 08:00:00+00:00,-0.00011226904208971278,1.367757391124192,-0.030937328840120015,5
2026-03-26 12:00:00+00:00,0.00015536290868272502,1.3679699063989177,-0.030786760748787168,5
2026-03-26 16:00:00+00:00,0.0015554995758815032,1.3700994388221495,-0.02927797681402644,5
2026-03-26 20:00:00+00:00,0.010483479737199571,1.3845384015730835,-0.01904790245800514,5
2026-03-27 00:00:00+00:00,0.017012480865692407,1.4082943353624966,-0.002216709438500053,5
2026-03-27 04:00:00+00:00,-0.001461562065440025,1.4062375292260088,-0.003673966450319033,5
2026-03-27 08:00:00+00:00,-0.001440566143855712,1.404213209484506,-0.005108206695491502,5
2026-03-27 12:00:00+00:00,-0.004436406782990337,1.3979973467199445,-0.009512175274479229,5
2026-03-27 16:00:00+00:00,-0.004799789065138962,1.3913033321224717,-0.014254916720225275,5
2026-03-27 20:00:00+00:00,-0.0033031046702848973,1.3867152931463227,-0.017505564338337054,5
2026-03-28 00:00:00+00:00,0.0009328811555334551,1.3880095373055208,-0.016588586144554607,5
2026-03-28 04:00:00+00:00,0.000502817736210286,1.388707628610544,-0.0160939851070101,5
2026-03-28 08:00:00+00:00,-0.000624492609935617,1.3878406616945071,-0.016708235324858545,5
2026-03-28 12:00:00+00:00,-0.004295190346126364,1.3818924054735606,-0.020922603384296412,5
2026-03-28 16:00:00+00:00,0.0016402612668079196,1.3841609300390296,-0.01931534285017611,5
2026-03-28 20:00:00+00:00,-7.844521326096077e-05,1.384052353498396,-0.019392269849931032,5
2026-03-29 00:00:00+00:00,0.0012716781614451997,1.3858135422459263,-0.018144459175922778,5
2026-03-29 04:00:00+00:00,-0.0012900215027090945,1.3840269655865989,-0.0194102573071957,5
2026-03-29 08:00:00+00:00,-0.0004872225706477184,1.3833528006581013,-0.019887906392224708,5
2026-03-29 12:00:00+00:00,0.0003923573285413036,1.3838956757609457,-0.019503276778316203,5
2026-03-29 16:00:00+00:00,-0.002230991472172104,1.3808116577980143,-0.021688318295516096,5
2026-03-29 20:00:00+00:00,-0.00044864494229591425,1.3801923025771625,-0.022127134439819396,5
2026-03-30 00:00:00+00:00,0.006991995960906,1.3898764177761744,-0.015265892377832713,5
2026-03-30 04:00:00+00:00,0.009260234745107855,1.4028067763491798,-0.006104671316901178,5
2026-03-30 08:00:00+00:00,0.0021141267851121667,1.4057756248847213,-0.004001227891341497,5
2026-03-30 12:00:00+00:00,-0.005815403486503959,1.3976241973073928,-0.009776553422837675,5
2026-03-30 16:00:00+00:00,-0.009064636445686704,1.3850124887039013,-0.018712009452173772,5
2026-03-30 20:00:00+00:00,0.0013784890306742974,1.3869230297543274,-0.017358381955293822,5
2026-03-31 00:00:00+00:00,0.005880693643754205,1.3951031279514703,-0.011562743152159216,5
2026-03-31 04:00:00+00:00,2.4052579621184212e-05,1.3951366841840906,-0.011538968400417349,5
2026-03-31 08:00:00+00:00,0.0008305016314174869,1.3962958287454554,-0.010717708919616098,5
2026-03-31 12:00:00+00:00,-0.003331920706100545,1.3916512237864491,-0.014008433807863874,5
2026-03-31 16:00:00+00:00,0.002060554361611039,1.394521753210765,-0.011974649944130333,5
2026-03-31 20:00:00+00:00,0.0035729620367118626,1.399513238377729,-0.008438158764962012,5
2026-04-01 00:00:00+00:00,0.0045351453303895,1.405874648361757,-0.00393106928296072,5
2026-04-01 04:00:00+00:00,0.007001766734582482,1.4157527965964014,0.0,5
2026-04-01 08:00:00+00:00,-0.0013422023987529224,1.4138538444708988,-0.0013413020479761117,5
2026-04-01 12:00:00+00:00,-0.0007600498881735238,1.4127796532856713,-0.002100044102245624,5
2026-04-01 16:00:00+00:00,-0.006503341460259007,1.4036216757964464,-0.008568671613518486,5
2026-04-01 20:00:00+00:00,0.003926426644751602,1.4091437272139804,-0.004668236854844854,5
2026-04-02 00:00:00+00:00,-0.009342601316009449,1.3960399660940759,-0.01392392128747122,5
2026-04-02 04:00:00+00:00,0.00158029769529151,1.398247868947434,-0.012364395600030442,5
2026-04-02 08:00:00+00:00,0.0007712020550595181,1.3993266164901441,-0.011602435217325624,5
2026-04-02 12:00:00+00:00,0.0030647268669831166,1.403621748709087,-0.008568620112549774,5
2026-04-02 16:00:00+00:00,0.003145054484159164,1.4080431647365925,-0.0054456059548980695,5
2026-04-02 20:00:00+00:00,-0.0023133446606909414,1.404789640312058,-0.007743693892535264,5
2026-04-03 00:00:00+00:00,0.004245530966297133,1.4107663965055346,-0.0035220838714601355,5
2026-04-03 04:00:00+00:00,-0.0036182942150283855,1.4056710524003935,-0.007121119040163881,5
2026-04-03 08:00:00+00:00,-0.0005691436176715396,1.4048712513148054,-0.007686048940010015,5
2026-04-03 12:00:00+00:00,-0.0016875446126279126,1.4025024676793976,-0.009359210837413756,5
2026-04-03 16:00:00+00:00,-0.00287146255451596,1.3984810108553574,-0.012199718610881094,5
2026-04-03 20:00:00+00:00,-0.0022646519665655476,1.3953175215371074,-0.01443421133154199,5
2026-04-04 00:00:00+00:00,0.0003653360675033783,1.3958273744815084,-0.014074082822082778,5
2026-04-04 04:00:00+00:00,-0.004563118790307899,1.389472558278288,-0.01856273099462946,5
2026-04-04 08:00:00+00:00,0.0019649768928077824,1.392205523976356,-0.01663233346715276,5
2026-04-04 12:00:00+00:00,-0.001041067466542819,1.3907568982879783,-0.01765555283981457,5
2026-04-04 16:00:00+00:00,-0.0017987243661767593,1.388257558453195,-0.019420931542079467,5
2026-04-04 20:00:00+00:00,0.0018720468004497282,1.3908588757078135,-0.017583522312959676,5
2026-04-05 00:00:00+00:00,-0.004970685639487299,1.3839625075064237,-0.022454689241232284,5
2026-04-05 04:00:00+00:00,0.00022922647402199474,1.3842797847149768,-0.022230584292037836,5
2026-04-05 08:00:00+00:00,-0.0011440621896509047,1.3826969881348874,-0.023348573664119354,5
2026-04-05 12:00:00+00:00,0.00697017839736249,1.3923682990374588,-0.016517359255910358,5
2026-04-05 16:00:00+00:00,-0.0017699937891747087,1.3899059955696826,-0.018256577764745985,5
2026-04-05 20:00:00+00:00,0.013573469757419762,1.4089004613435594,-0.004840064783425246,5
2026-04-06 00:00:00+00:00,0.000963276138296657,1.4102582754091586,-0.0038809891108476657,5
2026-04-06 04:00:00+00:00,0.0014705554048631184,1.4123336639512252,-0.0024150633171243774,5
2026-04-06 08:00:00+00:00,0.004947666051011884,1.419338734357588,0.0,5
2026-04-06 12:00:00+00:00,0.004743958573764053,1.4260880150116428,0.0,5
2026-04-06 16:00:00+00:00,0.010784080198950639,1.4415502858705633,0.0,5
2026-04-06 20:00:00+00:00,-0.018937958511497148,1.414507145537955,-0.018759762040681638,5
2026-04-07 00:00:00+00:00,0.004814680865814229,1.4213339673224499,-0.014024012028067911,5
2026-04-07 04:00:00+00:00,0.004318586395700343,1.427485394030888,-0.00975678197114116,5
2026-04-07 08:00:00+00:00,0.005265251184873594,1.4350212849628257,-0.0045291523797206246,5
2026-04-07 12:00:00+00:00,0.00010863447627028865,1.4351771862165266,-0.0044210040513349425,5
2026-04-07 16:00:00+00:00,0.008951833574974396,1.4480823297068235,0.0,5
2026-04-07 20:00:00+00:00,0.036490706855568586,1.5018998250372266,0.0,5
2026-04-08 00:00:00+00:00,-0.010794118331212419,1.4857753220599332,-0.010736070880688509,5
2026-04-08 04:00:00+00:00,0.0021269567878150087,1.4889388651334223,-0.0086297099764846,5
2026-04-08 08:00:00+00:00,0.011926217683557656,1.506802585730557,0.0,5
2026-04-08 12:00:00+00:00,-0.01690309479210683,1.4815470088173446,-0.016761039005628864,5
2026-04-08 16:00:00+00:00,-0.00873145462161603,1.468667259640215,-0.025308773990358135,5
2026-04-08 20:00:00+00:00,-0.0021839190421182302,1.4654633091030824,-0.027435098014138015,5
2026-04-09 00:00:00+00:00,0.002622174802184833,1.4693110525890534,-0.024881516329046005,5
2026-04-09 04:00:00+00:00,0.009134939181609384,1.482794611675882,-0.015933058704591385,5
2026-04-09 08:00:00+00:00,0.0001994602303508218,1.4830903997286857,-0.015736756909250027,5
2026-04-09 12:00:00+00:00,0.025706474781933535,1.5217096818037847,0.0,5
2026-04-09 16:00:00+00:00,0.013771249366969971,1.5428104840258494,0.0,5
2026-04-09 20:00:00+00:00,-0.008014633892149372,1.5304948414385318,-0.00798260234476822,5
2026-04-10 00:00:00+00:00,0.012498256170868638,1.549743394144724,0.0,5
2026-04-10 04:00:00+00:00,-0.009155343447260692,1.5356197133445797,-0.009113560898860285,5
2026-04-10 08:00:00+00:00,0.02117879342992621,1.5684891246786656,0.0,5
2026-04-10 12:00:00+00:00,-0.008619531897152581,1.5550275820812274,-0.008582490235752305,5
2026-04-10 16:00:00+00:00,-0.01121209627557743,1.5376898409595818,-0.01963627495689113,5
2026-04-10 20:00:00+00:00,-0.001089122759110174,1.5360160196212531,-0.020703430165041947,5
2026-04-11 00:00:00+00:00,-0.004860479173171752,1.52856836000756,-0.025451731888344598,5
2026-04-11 04:00:00+00:00,-0.0029599887505327746,1.5240505045567838,-0.02833211873941799,5
2026-04-11 08:00:00+00:00,0.006829925480563177,1.534495283861473,-0.021672984710147114,5
2026-04-11 12:00:00+00:00,0.0013001663840326344,1.536491680588732,-0.020400169555838565,5
2026-04-11 16:00:00+00:00,0.015176550302001351,1.5599881707106495,-0.005419836092110386,5
2026-04-11 20:00:00+00:00,-0.010026534407995386,1.5444250481147024,-0.01534220173116807,5
2026-04-12 00:00:00+00:00,-0.027338713533975746,1.5027743860371219,-0.041896840473794605,5
2026-04-12 04:00:00+00:00,0.0055611310146626075,1.511154791953165,-0.03655386054222509,5
2026-04-12 08:00:00+00:00,-0.00028299522213124555,1.5107272028728285,-0.03682647262069527,5
2026-04-12 12:00:00+00:00,-0.01297304332646917,1.4912550530331456,-0.049241062899523014,5
2026-04-12 16:00:00+00:00,0.0029860565112882296,1.4957146799295122,-0.04639780002559002,5
2026-04-12 20:00:00+00:00,0.003230359134401666,1.500554187974347,-0.04331234156197061,5
2026-04-13 00:00:00+00:00,0.006257011178228694,1.5099726071513553,-0.03730756981773686,5
2026-04-13 04:00:00+00:00,-0.000704493427065191,1.50890921599459,-0.037985541465760386,5
2026-04-13 08:00:00+00:00,0.0034748915997102397,1.5141616324577112,-0.03463683067109846,5
2026-04-13 12:00:00+00:00,0.00233371142632888,1.5176993751903987,-0.03238132078134248,5
2026-04-13 16:00:00+00:00,0.0036403106440196973,1.5232343407649924,-0.028852469042744855,5
2026-04-13 20:00:00+00:00,0.03003810264800623,1.569683540674986,0.0,5
2026-04-14 00:00:00+00:00,-0.0025837199663690646,1.565633152757364,-0.0025803850347315693,5
2026-04-14 04:00:00+00:00,-0.003468534363069207,1.5602121073431432,-0.006033976331159097,5
2026-04-14 08:00:00+00:00,0.0002622572615597593,1.560621337957372,-0.005773267338789356,5
2026-04-14 12:00:00+00:00,-0.009629117927274255,1.5456660497256087,-0.01530084907372442,5
2026-04-14 16:00:00+00:00,-0.019313105627016085,1.516100854878012,-0.03413597990199524,5
2026-04-14 20:00:00+00:00,0.0061386931985804435,1.525436357461095,-0.02818860112074828,5
2026-04-15 00:00:00+00:00,0.0012452608079077333,1.5273371067907016,-0.026977688678620493,5
2026-04-15 04:00:00+00:00,-0.0031758302221011015,1.522494237583204,-0.030062940630370627,5
2026-04-15 08:00:00+00:00,0.0030142333906358967,1.527090313894677,-0.02713491329723272,5
2026-04-15 12:00:00+00:00,0.01794129445373329,1.554735544932436,-0.009522935900902807,5
2026-04-15 16:00:00+00:00,0.02468602102042034,1.5935934292385645,0.0,5
2026-04-15 20:00:00+00:00,-0.019542205378869842,1.5627534215077696,-0.019352494284273325,5
2026-04-16 00:00:00+00:00,-0.005691948557585405,1.55388357672177,-0.02491843389174131,5
2026-04-16 04:00:00+00:00,0.0023003555888912505,1.55746217593927,-0.022672817693882186,5
2026-04-16 08:00:00+00:00,-0.008596333475197195,1.544131093010871,-0.031038240570135378,5
2026-04-16 12:00:00+00:00,0.007039937970948916,1.5550400342047974,-0.024192742217937213,5
2026-04-16 16:00:00+00:00,0.00552585603119546,1.5636567469877154,-0.018785646138835488,5
2026-04-16 20:00:00+00:00,-0.002411978463469473,1.5598897853311517,-0.021149462145759967,5
2026-04-17 00:00:00+00:00,0.0009503843026346802,1.5613729847900732,-0.020218735756137307,5
2026-04-17 04:00:00+00:00,0.012956619335666513,1.58173472500373,-0.007441486653531726,5
2026-04-17 08:00:00+00:00,0.01314916872456114,1.602670564572945,0.0,5
2026-04-17 12:00:00+00:00,0.024037664355935236,1.6416617730292893,0.0,5
2026-04-17 16:00:00+00:00,0.0008281647394161902,1.6430219025516775,0.0,5
2026-04-17 20:00:00+00:00,-0.012787057605940205,1.622146240428497,-0.012705650539873936,5
2026-04-18 00:00:00+00:00,0.001787732002116611,1.6250487968981244,-0.010939054205936105,5
2026-04-18 04:00:00+00:00,0.007621955679275722,1.637482169921618,-0.003371673026060118,5
2026-04-18 08:00:00+00:00,-0.01798747004315615,1.608291330173236,-0.021138228482836086,5
2026-04-18 12:00:00+00:00,-0.0002744757930861338,1.6078499537112214,-0.021406865475032677,5
2026-04-18 16:00:00+00:00,-0.004032929823578899,1.6013786655775473,-0.025345515424631038,5
2026-04-18 20:00:00+00:00,-0.005133132135061313,1.5931796386362405,-0.030335727014977665,5
2026-04-19 00:00:00+00:00,0.008381041116047327,1.6065882532811577,-0.02217478002815232,5
2026-04-19 04:00:00+00:00,-0.007195552424227935,1.5950694550385414,-0.029185519340103827,5
2026-04-19 08:00:00+00:00,0.020983065400284953,1.6288925165024994,-0.008599633411602414,5
2026-04-19 12:00:00+00:00,-0.011578526542984026,1.610141107594964,-0.02001238991741272,5
2026-04-19 16:00:00+00:00,-0.007960327622788574,1.5973747365213578,-0.02778244523668727,5
2026-04-19 20:00:00+00:00,-0.023264971959738145,1.5606408216813337,-0.05013997728356678,5
2026-04-20 00:00:00+00:00,0.014311892120011886,1.5831371432302452,-0.03644793732112084,5
2026-04-20 04:00:00+00:00,0.0018588041866298129,1.5860826218660107,-0.03465521707120145,5
2026-04-20 08:00:00+00:00,0.00943178910307503,1.6011129888580495,-0.025507215472016398,5
2026-04-20 12:00:00+00:00,-0.0038331969422463015,1.5949873553253608,-0.029235488067272275,5
2026-04-20 16:00:00+00:00,0.0037684723738135918,1.6010093608645084,-0.025570287055773244,5
2026-04-20 20:00:00+00:00,-0.006525544870919945,1.5905959160946983,-0.03190826998444729,5
2026-04-21 00:00:00+00:00,-0.005032277125856648,1.582611702885624,-0.03676773850198478,5
2026-04-21 04:00:00+00:00,0.018334069440513315,1.6118950368168072,-0.018944887884044026,5
2026-04-21 08:00:00+00:00,-0.0008308394080794035,1.6105563670853222,-0.019759648618155934,5
2026-04-21 12:00:00+00:00,0.003225349812275121,1.6157593609887544,-0.01659292643669774,5
2026-04-21 16:00:00+00:00,-0.012058809264105037,1.596392233971715,-0.028380430295874226,5
2026-04-21 20:00:00+00:00,0.004562888812317074,1.6036930379477032,-0.023936908292515713,5
2026-04-22 00:00:00+00:00,0.015477993323490561,1.6287080800101166,-0.008711887844788269,5
2026-04-22 04:00:00+00:00,0.001409064182753619,1.6310046518584078,-0.007314114726411414,5
2026-04-22 08:00:00+00:00,-0.0015294191861160479,1.6285120686393817,-0.008831187149581754,5
2026-04-22 12:00:00+00:00,-0.007156142522993526,1.6168998032445374,-0.015898813805568457,5
2026-04-22 16:00:00+00:00,0.0008817398309568657,1.6183261169301093,-0.01503070992736899,5
2026-04-22 20:00:00+00:00,-0.00019935347945321778,1.618003530143277,-0.015227047411568884,5
2026-04-23 00:00:00+00:00,-0.009766439184396932,1.6022783117539714,-0.024797959622102184,5
2026-04-23 04:00:00+00:00,-0.001791605226590714,1.599410231557091,-0.02654357250311501,5
2026-04-23 08:00:00+00:00,-0.005116090064411017,1.5912484008954442,-0.0315111451501815,5
2026-04-23 12:00:00+00:00,0.0028593676099549327,1.5958048762469033,-0.028737916537475483,5
2026-04-23 16:00:00+00:00,-0.003297926005176818,1.5905506985531406,-0.031935790945359255,5
2026-04-23 20:00:00+00:00,0.012119438361261805,1.6099445636997336,-0.02013201333504655,5
2026-04-24 00:00:00+00:00,-0.010874204497143231,1.592532539817416,-0.030729573754220585,5
2026-04-24 04:00:00+00:00,-0.0043396933125392735,1.5856364113684853,-0.03492679622473094,5
2026-04-24 08:00:00+00:00,0.0021260886545368188,1.5890112012328954,-0.03287278230125923,5
2026-04-24 12:00:00+00:00,-0.007814419245677176,1.5766423919927375,-0.04040086772784346,5
2026-04-24 16:00:00+00:00,0.0023961078099178175,1.5804247267729554,-0.03809880786221176,5
2026-04-24 20:00:00+00:00,-0.00016012621550789215,1.5801716796028458,-0.03825282112869144,5
2026-04-25 00:00:00+00:00,-0.008469443023266457,1.5668450199494226,-0.04636388747097597,5
2026-04-25 04:00:00+00:00,0.0019151721912181183,1.5698486732981733,-0.044535760077125675,5
2026-04-25 08:00:00+00:00,0.00022567893152692883,1.5702029950493956,-0.044320107595152036,5
2026-04-25 12:00:00+00:00,-0.0025663139188996835,1.5661785274800228,-0.04676953785723359,5
2026-04-25 16:00:00+00:00,0.0015650531944889161,1.5686315992808133,-0.04527651345081474,5
2026-04-25 20:00:00+00:00,0.00942636733450742,1.583488007923632,-0.036234388924205496,5
2026-04-26 00:00:00+00:00,-0.0016880640107994381,1.5808172336590929,-0.03785991458542237,5
2026-04-26 04:00:00+00:00,0.013172004127084205,1.601777506130076,-0.02510276725924787,5
2026-04-26 08:00:00+00:00,0.0031248308517872756,1.606790618383608,-0.022051613622314337,5
2026-04-26 12:00:00+00:00,0.0010758036537918381,1.6085201397476394,-0.020998967056041984,5
2026-04-26 16:00:00+00:00,0.002165999139879678,1.612007968940717,-0.01887615348449989,5
2026-04-26 20:00:00+00:00,-5.143881694810303e-05,1.611925051290495,-0.01892662003646317,5
2026-04-27 00:00:00+00:00,0.000611924388314146,1.612911729396924,-0.01832609358888715,5
2026-04-27 04:00:00+00:00,-0.007793392540110094,1.6003905298436916,-0.025946929034711963,5
2026-04-27 08:00:00+00:00,0.00419415594728567,1.607116913192495,-0.021853019307545796,5
2026-04-27 12:00:00+00:00,-0.0024483527844911448,1.6031869369703546,-0.024244938865061738,5
2026-04-27 16:00:00+00:00,-0.0005209675014184381,1.6023519461979079,-0.0247531431508049,5
2026-04-27 20:00:00+00:00,-0.00019756689579848068,1.6020354057679056,-0.024945800612954816,5
2026-04-28 00:00:00+00:00,-0.00011397434569800248,1.6018528252356943,-0.025056925444539746,5
2026-04-28 04:00:00+00:00,-0.00033066409425952037,1.6013232375847366,-0.025379250819591137,5
2026-04-28 08:00:00+00:00,-0.0020579086897230055,1.5980312490467592,-0.027382868989784037,5
2026-04-28 12:00:00+00:00,-0.0017045104626925748,1.5953097081694196,-0.02903929296874186,5
2026-04-28 16:00:00+00:00,0.0032407172270082917,1.6004880420489918,-0.02588757973136513,5
2026-04-28 20:00:00+00:00,0.0030308465395234557,1.6053462341912481,-0.02293071583642159,5
2026-04-29 00:00:00+00:00,0.000928988727179645,1.6068382756835904,-0.02202260773997744,5
2026-04-29 04:00:00+00:00,0.001422191910624665,1.6091251338711015,-0.02063074669177145,5
2026-04-29 08:00:00+00:00,-0.0007626578485533937,1.607898389810904,-0.021377385588241538,5
2026-04-29 12:00:00+00:00,-0.005583275481398416,1.5989460650580034,-0.026826080300708433,5
2026-04-29 16:00:00+00:00,-0.003820106741370504,1.5928495724559821,-0.030536616716901777,5
2026-04-29 20:00:00+00:00,0.0034300499534656113,1.5983225069112836,-0.027205599372092326,5
2026-04-30 00:00:00+00:00,0.003613973075150283,1.6041092516882838,-0.02368358620354405,5
2026-04-30 04:00:00+00:00,-0.005436947705626114,1.5954114597186306,-0.028977363453953964,5
2026-04-30 08:00:00+00:00,-0.0011256457534491015,1.59361660196052,-0.03006977601115912,5
2026-04-30 12:00:00+00:00,-0.004491251751657152,1.5864753172633017,-0.03441620905999898,5
2026-04-30 16:00:00+00:00,-0.0021738613605986764,1.5830302857386924,-0.036512974489150585,5
2026-04-30 20:00:00+00:00,-0.00022752538031398485,1.5826701471427704,-0.03673216730414752,5
2026-05-01 00:00:00+00:00,0.005504218996461974,1.5914055289046978,-0.03141551160505984,5
2026-05-01 04:00:00+00:00,0.004845629970608317,1.599135604649042,-0.02671071994504659,5
2026-05-01 08:00:00+00:00,0.0029565448418509836,1.6038705168134049,-0.023828888511753243,5
2026-05-01 12:00:00+00:00,0.0007648408238862441,1.6050976916977933,-0.023081987400768278,5
2026-05-01 16:00:00+00:00,0.0007037992502449156,1.6062277558722928,-0.022394191229126004,5
2026-05-01 20:00:00+00:00,-0.0018649645960286494,1.6032349895434828,-0.024215692405806677,5
2026-05-02 00:00:00+00:00,0.00047184206629687954,1.6039916417498405,-0.02375516768292707,5
2026-05-02 04:00:00+00:00,-0.000590158176617533,1.6030453122367518,-0.02433113658000563,5
2026-05-02 08:00:00+00:00,-0.0003894984916018404,1.602421050088141,-0.02471108413130807,5
2026-05-02 12:00:00+00:00,0.03760855588768736,1.6638333676828887,0.0,5
2026-05-02 16:00:00+00:00,-0.019690040509123798,1.631392846942691,-0.019497457720405897,5
2026-05-02 20:00:00+00:00,0.0025909878879501274,1.6356252467301495,-0.016953693501184364,5
2026-05-03 00:00:00+00:00,-0.010215872817167815,1.6190009675749528,-0.026945246428355385,5
2026-05-03 04:00:00+00:00,0.0019293370434698798,1.62212758129108,-0.025066083660703065,5
2026-05-03 08:00:00+00:00,-0.00015079547872413044,1.6218829902279843,-0.025213088203253187,5
2026-05-03 12:00:00+00:00,-0.00026518092425231884,1.6214529548187202,-0.025471548826544343,5
2026-05-03 16:00:00+00:00,0.006593474358069759,1.6321792863354423,-0.019024790560324578,5
2026-05-03 20:00:00+00:00,0.001610131722277111,1.6348094268489268,-0.017444018973114872,5
2026-05-04 00:00:00+00:00,0.004825202687462976,1.6427167756271843,-0.012691530573829102,5
2026-05-04 04:00:00+00:00,-0.0013782828097977278,1.640454206921924,-0.014051383518965843,5
2026-05-04 08:00:00+00:00,-0.00819493826933203,1.6270657198027467,-0.022098155136379916,5
2026-05-04 12:00:00+00:00,0.0036161732270206435,1.6329601224645671,-0.018555491083411035,5
2026-05-04 16:00:00+00:00,-0.001492552091318512,1.6305246623963772,-0.020019255493654575,5
2026-05-04 20:00:00+00:00,5.445341239446069e-05,1.6306134524456766,-0.019965890745102244,5
2026-05-05 00:00:00+00:00,-0.002380324695868158,1.6267366787959003,-0.022295915929760768,5
2026-05-05 04:00:00+00:00,0.0037138533123566068,1.632789372650421,-0.018658115431174793,5
2026-05-05 08:00:00+00:00,-0.001025583648426075,1.63111566897677,-0.019664047699489484,5
2026-05-05 12:00:00+00:00,0.009051019524948523,1.645945942047317,-0.010750731403158631,5
2026-05-05 16:00:00+00:00,0.00045134032361841825,1.646688991492934,-0.010304142543931971,5
2026-05-05 20:00:00+00:00,0.0007937130685533156,1.6479965088935062,-0.009518296180967556,5
2026-05-06 00:00:00+00:00,0.0021219254441617224,1.6514971473510358,-0.007414336418215206,5
2026-05-06 04:00:00+00:00,0.012484783875435723,1.6722449789069969,0.0,5
2026-05-06 08:00:00+00:00,0.0037155385468543127,1.67846982675569,0.0,5
2026-05-06 12:00:00+00:00,0.0002713330415039418,1.6789253128702781,0.0,5
2026-05-06 16:00:00+00:00,0.009482871963778937,1.6949220743942919,0.0,5
2026-05-06 20:00:00+00:00,0.007100508886325407,1.706999711586892,0.0,5
2026-05-07 00:00:00+00:00,-0.007445669608367098,1.694337154818728,-0.007418019278042198,5
2026-05-07 04:00:00+00:00,0.002929288185914852,1.699307633056692,-0.004506197908521692,5
2026-05-07 08:00:00+00:00,-0.002084535873472535,1.6957690547635618,-0.006579179098331389,5
2026-05-07 12:00:00+00:00,-0.0030672697320856092,1.690575642539036,-0.009621600364880911,5
2026-05-07 16:00:00+00:00,0.0005797658078038827,1.691556064672239,-0.009047246352664073,5
2026-05-07 20:00:00+00:00,0.004975435589346832,1.6999932648856877,-0.004104538889869391,5
2026-05-08 00:00:00+00:00,0.0004604340912610584,1.7007761799663206,-0.0036458890873425354,5
2026-05-08 04:00:00+00:00,0.0008942905593043581,1.702297848352977,-0.0027544604735427747,5
2026-05-08 08:00:00+00:00,-0.0003946341897337461,1.7016261959581227,-0.003147930015625966,5
2026-05-08 12:00:00+00:00,0.0014660593155918157,1.7041227104663852,-0.0016854139464571594,5
2026-05-08 16:00:00+00:00,0.0036610706671315963,1.7103730586366945,0.0,5
2026-05-08 20:00:00+00:00,0.004562576312394637,1.7181945958511249,0.0,5
2026-05-09 00:00:00+00:00,0.017706910360926698,1.7488894672224276,0.0,5
2026-05-09 04:00:00+00:00,-0.0009329632201806348,1.7472585785712083,-0.0009325281453089751,5
2026-05-09 08:00:00+00:00,-0.002700875290158794,1.7425458182046965,-0.003627244109260963,5
2026-05-09 12:00:00+00:00,0.0017178317683784207,1.7455417913212157,-0.0019141723727850168,5
2026-05-09 16:00:00+00:00,0.006462525066175768,1.7568589281543188,0.0,5
2026-05-09 20:00:00+00:00,0.003067711882403042,1.762256740397133,0.0,5
2026-05-10 00:00:00+00:00,-0.007433890881114029,1.7492048892099665,-0.007406327856760098,5
2026-05-10 04:00:00+00:00,-0.005225996614656886,1.7400873951278957,-0.012580088224966257,5
2026-05-10 08:00:00+00:00,-0.0023662301127169187,1.7359748155085293,-0.014913788828908592,5
2026-05-10 12:00:00+00:00,0.0008454806222414437,1.7374431692205765,-0.014080565338603579,5
2026-05-10 16:00:00+00:00,-0.0013253053428149504,1.7351420516840674,-0.015386344163992316,5
2026-05-10 20:00:00+00:00,0.0016856182482657101,1.7380693052125993,-0.01372526183618561,5
2026-05-11 00:00:00+00:00,-0.0035188918208598637,1.7319639756475205,-0.01718975677901846,5
2026-05-11 04:00:00+00:00,0.01698393767391602,1.7616307601507435,-0.00035521512390324084,5
2026-05-11 08:00:00+00:00,0.0007417425138692168,1.762937921307857,0.0,5
2026-05-11 12:00:00+00:00,-0.006279502695567362,1.7519022334580747,-0.006259827822862496,5
2026-05-11 16:00:00+00:00,0.008507225163137587,1.7668696354820788,0.0,5
2026-05-11 20:00:00+00:00,-0.0073088086179077996,1.7540030006259146,-0.00728216422863226,4
2026-05-12 00:00:00+00:00,-0.0007376481804865888,1.752709640584921,-0.008014170719105929,4
2026-05-12 04:00:00+00:00,-0.005744751629500888,1.7426696253299705,-0.013696545385197822,4
2026-05-12 08:00:00+00:00,-0.0034895256370525243,1.7365991327251802,-0.017132278550159974,4
2026-05-12 12:00:00+00:00,-0.003326694581596783,1.7308315965346945,-0.020396546651587855,4
2026-05-12 16:00:00+00:00,-0.0015314241663253198,1.7281829877892814,-0.021895586927239252,4
2026-05-12 20:00:00+00:00,0.0011662382002052916,1.7301996365244097,-0.02075421877271888,4
2026-05-13 00:00:00+00:00,-0.007767501855069542,1.7168123677645124,-0.028331047583999402,4
2026-05-13 04:00:00+00:00,-0.004312958398572092,1.7094237722500398,-0.03251279102793858,4
2026-05-13 08:00:00+00:00,0.0008625069769432944,1.7108987981988026,-0.0316779665908995,4
2026-05-13 12:00:00+00:00,-0.009280173208351495,1.6950948063225006,-0.04062259473942165,4
2026-05-13 16:00:00+00:00,0.003987155203639594,1.7018669041311367,-0.03678977217422519,4
2026-05-13 20:00:00+00:00,-0.004778691401087211,1.6937536082986078,-0.041381676222831065,4
2026-05-14 00:00:00+00:00,-0.012902430388887005,1.672040447762665,-0.053670732585508696,4
2026-05-14 04:00:00+00:00,0.008813858376016892,1.6868427121743772,-0.04529305484717705,4
2026-05-14 08:00:00+00:00,-0.0010070587159625337,1.685144817601884,-0.04625401684369135,4
2026-05-14 12:00:00+00:00,0.010577833166798438,1.7030646075308735,-0.036111904732460065,4
2026-05-14 16:00:00+00:00,-0.0025733234684861385,1.69868770541575,-0.038589111894339445,4
2026-05-14 20:00:00+00:00,0.0011048269821657048,1.7005654985542202,-0.03752633221848756,4
2026-05-15 00:00:00+00:00,-0.0046110824136920995,1.692742101915636,-0.041954161233982434,4
2026-05-15 04:00:00+00:00,-0.0015817294009396576,1.6900667583573892,-0.04346833268416794,4
2026-05-15 08:00:00+00:00,-0.002305763380832126,1.6861743535215858,-0.04567132760673409,4
